name,age,class_level,syllabus,interests,personality,hobbies,learning_style,pattern_of_learning,study_routine_start,study_routine_end,preferred_subjects,struggles_with,strengths,challenges,academic_progress,marks_last_year_final,marks_last_internals,emotional_traits,motivation_style,group_behavior,social_skills,teacher_feedback,student_voice,accomplishments,digital_learning,tech_savviness,home_environment,interesting_stories
Anika Sharma,15,10,CBSE,"['Coding', 'Astronomy', 'Debate']","['Curious', 'Creative', 'Determined']","['Reading', 'Drawing', 'Hiking']","['Visual', 'Kinesthetic']","['Hands-on', 'Group work']",18:00,21:00,"['Math', 'Science', 'English']","['History', 'Physics']","['Problem-solving', 'Communication']","['Public speaking', 'Time management']",Steady improvement in Math and Science.,"{'Math': 92, 'Science': 88, 'English': 85, 'History': 70, 'Physics': 75}","{'Math': 95, 'Science': 90, 'English': 88, 'History': 75, 'Physics': 80}","Generally positive and resilient, seeks clarification when needed.","['Recognition', 'Challenge']","Cooperative and supportive, actively participates in group projects.","Strong communication and interpersonal skills, maintains positive relationships with peers and teachers.",Anika is a bright and engaged student who consistently demonstrates effort and initiative. She participates actively in class discussions and is always willing to help her classmates.,I enjoy learning new things and challenging myself. I believe in collaboration and helping others succeed.,"['Won first place in school debate competition', 'Member of the school astronomy club']","['Khan Academy', 'Google Classroom', 'Zoom']",High,"['Supportive parents', 'Access to internet and computer', 'English and Hindi spoken at home']","Anika developed a mobile app for tracking celestial events as part of a school project, demonstrating her passion for astronomy and coding."
Rohan Patel,16,11,ICSE,"['Music', 'Sports', 'Travel']","['Friendly', 'Outgoing', 'Energetic']","['Guitar', 'Basketball', 'Photography']","['Auditory', 'Kinesthetic']","['Group work', 'Discussions']",19:00,22:00,"['English', 'History', 'Geography']","['Math', 'Physics']","['Communication', 'Teamwork']","['Time management', 'Organization']",Improving consistently in English and History.,"{'English': 85, 'History': 88, 'Geography': 90, 'Math': 70, 'Physics': 65}","{'English': 90, 'History': 92, 'Geography': 95, 'Math': 75, 'Physics': 70}","Generally upbeat and optimistic, seeks support when needed.","['Praise', 'Encouragement']","Works well in teams, contributes actively and positively.","Excellent communication and interpersonal skills, enjoys collaborating with peers.",Rohan is a friendly and engaged student who is always willing to participate. He shows good teamwork skills and consistently improves his work.,I enjoy learning through collaboration and hands-on activities. I am always looking for ways to improve.,"['Captain of the school basketball team', 'Member of the school music band']","['Google Classroom', 'YouTube', 'Quizlet']",Medium,"['Supportive family', 'Access to internet and computer', 'English and Gujarati spoken at home']","Rohan started a school photography club, showcasing his creativity and leadership skills."
Priya Reddy,14,9,ICSE,"['Art', 'Writing', 'Music']","['Creative', 'Thoughtful', 'Kind']","['Painting', 'Poetry', 'Singing']","['Visual', 'Auditory']","['Independent study', 'Discussions']",17:30,20:30,"['English', 'Art', 'History']","['Math', 'Science']","['Creativity', 'Communication']","['Test anxiety', 'Organization']",Shows consistent effort and improvement in English and Art.,"{'English': 88, 'Art': 95, 'History': 82, 'Math': 70, 'Science': 68}","{'English': 92, 'Art': 98, 'History': 85, 'Math': 75, 'Science': 72}","Sensitive and empathetic, expresses feelings openly.","['Praise', 'Encouragement']","Participates actively in group discussions, offers support to peers.","Good communication skills, builds positive relationships.",Priya is a talented and creative student who consistently demonstrates effort and a positive attitude. She actively participates in class and is always willing to help her classmates.,I enjoy expressing myself through art and writing. I believe in the power of collaboration and kindness.,"['Won second place in school art competition', 'Published a poem in the school literary magazine']","['Google Classroom', 'Canva', 'YouTube']",Medium,"['Supportive family', 'Access to internet and computer', 'English and Telugu spoken at home']","Priya created a series of illustrations for a children's book, showcasing her artistic talent and storytelling skills."
Ishaan Gupta,14,9,ICSE,"['Sports', 'Literature', 'Music']","['Friendly', 'Competitive', 'Creative']","['Basketball', 'Reading', 'Guitar']","['Kinesthetic', 'Auditory']","['Group work', 'Hands-on']",17:00,20:00,"['English', 'History', 'Physical Education']","['Math', 'Science']","['Teamwork', 'Communication']","['Test anxiety', 'Time management']",Showing steady improvement in English and History.,"{'English': 80, 'History': 85, 'Physical Education': 90, 'Math': 65, 'Science': 60}","{'English': 85, 'History': 90, 'Physical Education': 95, 'Math': 70, 'Science': 65}","Enthusiastic and energetic, sometimes struggles with setbacks but bounces back quickly.","['Praise', 'Competition']","Works collaboratively, actively participates and encourages teammates.","Excellent communication and interpersonal skills, easily makes friends.",Ishaan is a bright and enthusiastic student who consistently demonstrates effort and a positive attitude. He works well in groups and is always willing to help his classmates.,I enjoy learning through teamwork and hands-on activities. I am always looking for ways to improve and challenge myself.,"['Member of the school basketball team', 'Participated in the school drama club']","['Google Classroom', 'YouTube', 'Quizlet']",Medium,"['Supportive family', 'Access to internet and computer', 'English and Hindi spoken at home']","Ishaan wrote and directed a short play for the school's annual drama production, showcasing his creativity and leadership skills."
Kavya Iyer,15,10,ICSE,"['Literature', 'Art', 'Music']","['Creative', 'Thoughtful', 'Introspective']","['Drawing', 'Writing', 'Singing']","['Visual', 'Auditory']","['Independent study', 'Reflection']",17:00,21:00,"['English', 'Art', 'History']","['Math', 'Science']","['Creativity', 'Writing']","['Test anxiety', 'Time management']","Shows consistent improvement in English and Art, needs support in Math and Science.","{'English': 85, 'Art': 92, 'History': 80, 'Math': 68, 'Science': 70}","{'English': 90, 'Art': 95, 'History': 85, 'Math': 72, 'Science': 75}","Sensitive and thoughtful, expresses feelings through art and writing.","['Encouragement', 'Intrinsic']","Participates in group discussions, prefers smaller group settings.","Good communication skills, builds positive relationships with close friends.",Kavya is a talented and creative student who consistently demonstrates effort and a positive attitude. She excels in creative subjects and needs additional support in Math and Science.,I enjoy expressing myself through art and writing. I am a thoughtful learner and prefer to work independently.,"['Won first place in school art competition', 'Published a short story in the school literary magazine']","['Google Classroom', 'Procreate', 'YouTube']",Medium,"['Supportive parents', 'Access to internet and computer', 'English and Tamil spoken at home']","Kavya designed and illustrated a children's book as a personal project, showcasing her artistic talent and storytelling skills."
Vivaan Kumar,14,9,CBSE,"['Robotics', 'Chess', 'Literature']","['Analytical', 'Logical', 'Curious']","['Coding', 'Gaming', 'Reading']","['Visual', 'Auditory']","['Independent study', 'Practice']",17:00,20:00,"['Math', 'Science', 'English']","['History', 'Art']","['Problem-solving', 'Critical thinking']","['Time management', 'Test anxiety']","Consistent progress in Math and Science, needs improvement in History.","{'Math': 88, 'Science': 85, 'English': 82, 'History': 70, 'Art': 65}","{'Math': 92, 'Science': 90, 'English': 85, 'History': 75, 'Art': 70}","Focused and determined, seeks feedback to improve.","['Challenge', 'Achievement']","Works well independently, contributes when necessary.","Good communication skills, respectful of others.",Vivaan is a bright student who consistently demonstrates effort and initiative. He excels in problem-solving and critical thinking and needs to improve time management skills.,I enjoy challenges that allow me to apply my analytical skills. I am always looking for ways to improve my understanding.,"['Won second place in school chess tournament', 'Built a robot for a school science fair']","['Code.org', 'Khan Academy', 'Google Classroom']",High,"['Supportive parents', 'Access to internet and computer', 'English and Hindi spoken at home']","Vivaan designed and built a robot that can solve a Rubik's cube, demonstrating his passion for robotics and problem-solving."
Samar Ali,14,9,CBSE,"['Sports', 'Cooking', 'Music']","['Friendly', 'Energetic', 'Helpful']","['Basketball', 'Baking', 'Singing']","['Kinesthetic', 'Auditory']","['Hands-on', 'Group work']",17:30,20:30,"['Physical Education', 'Math', 'Science']","['English', 'History']","['Teamwork', 'Communication']","['Test anxiety', 'Organization']",Improving consistently in Math and Science.,"{'Math': 85, 'Science': 80, 'English': 70, 'History': 65, 'Physical Education': 92}","{'Math': 90, 'Science': 85, 'English': 75, 'History': 70, 'Physical Education': 95}","Generally enthusiastic and positive, seeks help when needed.","['Praise', 'Encouragement']","Cooperative and supportive, actively participates in group projects.","Strong communication and interpersonal skills, maintains positive relationships with peers and teachers.",Samar is a friendly and enthusiastic student who consistently demonstrates effort. He is a good team player and always willing to help others.,I enjoy learning through hands-on activities and teamwork. I am always looking for ways to improve.,"['Member of the school basketball team', 'Won a prize in school cooking competition']","['Google Classroom', 'YouTube', 'Quizlet']",Medium,"['Supportive family', 'Access to internet and computer', 'English and Urdu spoken at home']","Samar created a unique recipe for a school cooking competition, showcasing his creativity and culinary skills."
Aadhya Menon,14,9,CBSE,"['Art', 'Dance', 'Literature']","['Creative', 'Expressive', 'Empathetic']","['Painting', 'Bharatanatyam', 'Reading']","['Visual', 'Kinesthetic']","['Independent study', 'Discussions']",17:00,20:00,"['Art', 'English', 'History']","['Math', 'Science']","['Creativity', 'Communication']","['Test anxiety', 'Time management']",Shows consistent effort and improvement in Art and English.,"{'Art': 90, 'English': 85, 'History': 80, 'Math': 70, 'Science': 65}","{'Art': 95, 'English': 90, 'History': 85, 'Math': 75, 'Science': 70}","Sensitive and expressive, communicates feelings effectively.","['Praise', 'Encouragement']","Participates actively in group discussions, offers support to peers.","Good communication skills, builds positive relationships.",Aadhya is a talented and creative student who consistently demonstrates effort and a positive attitude. She excels in creative subjects and needs additional support in Math and Science.,I enjoy expressing myself through art and dance. I believe in the power of collaboration and kindness.,"['Won first place in school art competition', 'Participated in a regional dance festival']","['Google Classroom', 'Canva', 'YouTube']",Medium,"['Supportive family', 'Access to internet and computer', 'English and Malayalam spoken at home']","Aadhya designed and illustrated a children's book as a personal project, showcasing her artistic talent and storytelling skills."
Devansh Desai,14,9,CBSE,"['Sports', 'Coding', 'Music']","['Friendly', 'Competitive', 'Curious']","['Basketball', 'Programming', 'Guitar']","['Kinesthetic', 'Auditory']","['Hands-on', 'Group work']",18:00,21:00,"['Math', 'Science', 'Physical Education']","['History', 'English']","['Teamwork', 'Problem-solving']","['Time management', 'Test anxiety']","Shows consistent improvement in Math and Science, needs support in English and History.","{'Math': 88, 'Science': 85, 'English': 72, 'History': 70, 'Physical Education': 90}","{'Math': 92, 'Science': 90, 'English': 78, 'History': 75, 'Physical Education': 95}","Enthusiastic and energetic, sometimes gets frustrated but perseveres.","['Challenge', 'Recognition']","Works well in teams, contributes ideas and actively participates.","Good communication and interpersonal skills, easily builds relationships.",Devansh is a bright and enthusiastic student who consistently demonstrates effort. He is a good team player and always willing to help others. Needs to improve his time management and focus on English.,I enjoy learning through hands-on activities and teamwork. I am always looking for ways to improve and challenge myself.,"['Member of the school basketball team', 'Won a prize in a school coding competition']","['Code.org', 'Khan Academy', 'Google Classroom']",High,"['Supportive parents', 'Access to internet and computer', 'English and Gujarati spoken at home']","Devansh developed a mobile app for tracking his basketball team's statistics, demonstrating his passion for coding and sports."
Vihaan Jain,15,10,CBSE,"['Sports', 'Coding', 'Writing']","['Friendly', 'Competitive', 'Creative']","['Basketball', 'Programming', 'Poetry']","['Kinesthetic', 'Visual']","['Hands-on', 'Independent study']",17:30,20:30,"['Math', 'Science', 'English']","['History', 'Art']","['Problem-solving', 'Teamwork']","['Test anxiety', 'Time management']","Steady improvement in Math and Science, needs improvement in History.","{'Math': 85, 'Science': 88, 'English': 82, 'History': 70, 'Art': 65}","{'Math': 90, 'Science': 92, 'English': 85, 'History': 75, 'Art': 70}","Enthusiastic and determined, seeks feedback to improve.","['Challenge', 'Recognition']","Works well in teams, contributes ideas and actively participates.","Good communication and interpersonal skills, easily builds relationships.",Vihaan is a bright and enthusiastic student who consistently demonstrates effort. He is a good team player and always willing to help others. Needs to improve his time management and focus on History.,I enjoy learning through hands-on activities and teamwork. I am always looking for ways to improve and challenge myself.,"['Member of the school basketball team', 'Won a prize in a school coding competition']","['Code.org', 'Khan Academy', 'Google Classroom']",High,"['Supportive parents', 'Access to internet and computer', 'English and Hindi spoken at home']","Vihaan developed a mobile app for tracking his basketball team's statistics, demonstrating his passion for coding and sports."
Rajesh Kumar,14,9,CBSE,"['Sports', 'Cooking', 'Gaming']","['Friendly', 'Energetic', 'Competitive']","['Cricket', 'Baking', 'VideoGames']","['Kinesthetic', 'Auditory']","['Hands-on', 'Group work']",17:30,21:00,"['Math', 'Science', 'Physical Education']","['English', 'History']","['Teamwork', 'Problem-solving']","['Test anxiety', 'Organization']","Shows consistent improvement in Math and Science, needs support in English and History.","{'Math': 82, 'Science': 85, 'English': 68, 'History': 70, 'Physical Education': 90}","{'Math': 88, 'Science': 90, 'English': 72, 'History': 75, 'Physical Education': 95}","Generally enthusiastic and positive, seeks help when needed.","['Praise', 'Competition']","Cooperative and supportive, actively participates in group projects.","Strong communication and interpersonal skills, maintains positive relationships with peers and teachers.",Rajesh is a friendly and enthusiastic student who consistently demonstrates effort. He is a good team player and always willing to help others.,I enjoy learning through hands-on activities and teamwork. I am always looking for ways to improve.,"['Member of the school cricket team', 'Won a prize in school baking competition']","['Google Classroom', 'YouTube', 'Quizlet']",Medium,"['Supportive family', 'Access to internet and computer', 'English and Hindi spoken at home']","Rajesh created a unique recipe for a school baking competition, showcasing his creativity and culinary skills."
Sai Krishna,15,10,CBSE,"['Sports', 'Literature', 'Coding']","['Friendly', 'Competitive', 'Curious']","['Cricket', 'Reading', 'Programming']","['Kinesthetic', 'Visual']","['Hands-on', 'Independent study']",18:00,21:30,"['Math', 'Science', 'English']","['History', 'Art']","['Problem-solving', 'Teamwork']","['Test anxiety', 'Time management']","Steady improvement in Math and Science, needs improvement in History.","{'Math': 88, 'Science': 90, 'English': 85, 'History': 72, 'Art': 68}","{'Math': 92, 'Science': 95, 'English': 90, 'History': 78, 'Art': 75}","Generally enthusiastic and determined, seeks feedback to improve.","['Challenge', 'Recognition']","Works well in teams, contributes ideas and actively participates.","Good communication and interpersonal skills, easily builds relationships.",Sai is a bright and enthusiastic student who consistently demonstrates effort and initiative. He excels in problem-solving and critical thinking and needs to improve time management skills.,I enjoy challenges that allow me to apply my analytical skills. I am always looking for ways to improve my understanding.,"['Member of the school cricket team', 'Won a prize in a school coding competition']","['Code.org', 'Khan Academy', 'Google Classroom']",High,"['Supportive parents', 'Access to internet and computer', 'English and Telugu spoken at home']","Sai developed a mobile app for tracking his cricket team's statistics, demonstrating his passion for coding and sports."
Ethan Thomas,14,9,ICSE,"['Sports', 'Photography', 'Coding']","['Friendly', 'Energetic', 'Creative']","['Basketball', 'Nature walks', 'Video games']","['Kinesthetic', 'Visual']","['Hands-on', 'Independent study']",17:00,20:30,"['Math', 'Science', 'Physical Education']","['History', 'English']","['Problem-solving', 'Teamwork']","['Test anxiety', 'Organization']","Improving steadily in Math and Science, needs support in English and History.","{'Math': 80, 'Science': 78, 'English': 65, 'History': 68, 'Physical Education': 88}","{'Math': 85, 'Science': 82, 'English': 70, 'History': 72, 'Physical Education': 92}","Enthusiastic and competitive, seeks feedback to improve.","['Challenge', 'Recognition']","Works well in teams, contributes actively and positively.","Good communication and interpersonal skills, enjoys collaborating with peers.",Ethan is a friendly and engaged student who consistently demonstrates effort. He is a good team player and always willing to help others. Needs to focus more on English and History.,I enjoy learning through hands-on activities and teamwork. I am always looking for ways to improve.,"['Member of the school basketball team', 'Won a photography contest']","['Google Classroom', 'YouTube', 'Scratch']",Medium,"['Supportive parents', 'Access to internet and computer', 'English and Tamil spoken at home']","Ethan created a website for his school's basketball team, showcasing his coding and organizational skills."
Zara Khan,14,9,ICSE,"['Art', 'Dance', 'Music']","['Creative', 'Expressive', 'Energetic']","['Painting', 'Ballet', 'Singing']","['Visual', 'Kinesthetic']","['Independent study', 'Practice']",17:00,20:00,"['Art', 'English', 'History']","['Math', 'Science']","['Creativity', 'Performance']","['Test anxiety', 'Time management']",Shows consistent effort and improvement in Art and English.,"{'Art': 92, 'English': 85, 'History': 80, 'Math': 70, 'Science': 68}","{'Art': 95, 'English': 90, 'History': 85, 'Math': 75, 'Science': 72}","Expressive and enthusiastic, sometimes struggles with self-doubt but perseveres.","['Praise', 'Encouragement']","Participates actively in group discussions, offers support to peers.","Good communication skills, builds positive relationships.",Zara is a talented and creative student who consistently demonstrates effort and a positive attitude. She excels in creative subjects and needs additional support in Math and Science.,I enjoy expressing myself through art and dance. I am a determined learner and enjoy working independently.,"['Won first place in school dance competition', 'Participated in a regional art exhibition']","['Google Classroom', 'Procreate', 'YouTube']",Medium,"['Supportive family', 'Access to internet and computer', 'English and Urdu spoken at home']","Zara designed and created costumes for a school play, showcasing her artistic talent and creativity."
Meera Reddy,16,11,ICSE,"['Art', 'Music', 'Literature']","['Creative', 'Expressive', 'Thoughtful']","['Painting', 'Singing', 'Writing']","['Visual', 'Auditory']","['Independent study', 'Reflection']",17:00,21:00,"['English', 'Art', 'History']","['Math', 'Physics']","['Creativity', 'Communication']","['Test anxiety', 'Time management']",Shows consistent effort and improvement in English and Art.,"{'English': 88, 'Art': 95, 'History': 82, 'Math': 70, 'Physics': 68}","{'English': 92, 'Art': 98, 'History': 85, 'Math': 75, 'Physics': 72}","Sensitive and empathetic, expresses feelings openly.","['Praise', 'Encouragement']","Participates actively in group discussions, offers support to peers.","Good communication skills, builds positive relationships.",Meera is a talented and creative student who consistently demonstrates effort and a positive attitude. She actively participates in class and is always willing to help her classmates.,I enjoy expressing myself through art and writing. I believe in the power of collaboration and kindness.,"['Won first place in school art competition', 'Published a poem in the school literary magazine']","['Google Classroom', 'Canva', 'YouTube']",Medium,"['Supportive family', 'Access to internet and computer', 'English and Telugu spoken at home']","Meera created a series of illustrations for a children's book, showcasing her artistic talent and storytelling skills."
Riya Singh,14,9,CBSE,"['Art', 'Dance', 'Music']","['Creative', 'Expressive', 'Energetic']","['Painting', 'Contemporary', 'Singing']","['Visual', 'Kinesthetic']","['Independent study', 'Practice']",16:30,20:00,"['Art', 'English', 'History']","['Math', 'Science']","['Creativity', 'Performance']","['Test anxiety', 'Time management']",Shows consistent effort and improvement in Art and English.,"{'Art': 90, 'English': 82, 'History': 78, 'Math': 65, 'Science': 68}","{'Art': 95, 'English': 88, 'History': 82, 'Math': 70, 'Science': 72}","Expressive and enthusiastic, sometimes struggles with self-doubt but perseveres.","['Praise', 'Encouragement']","Participates actively in group discussions, offers support to peers.","Good communication skills, builds positive relationships.",Riya is a talented and creative student who consistently demonstrates effort and a positive attitude. She excels in creative subjects and needs additional support in Math and Science.,I enjoy expressing myself through art and dance. I am a determined learner and enjoy working independently.,"['Won second place in school art competition', 'Participated in a regional dance festival']","['Google Classroom', 'Procreate', 'YouTube']",Medium,"['Supportive family', 'Access to internet and computer', 'English and Hindi spoken at home']","Riya designed and created costumes for a school play, showcasing her artistic talent and creativity."
Lakshmi Iyer,13,8,CBSE,"['Art', 'Dance', 'Cooking']","['Creative', 'Expressive', 'Friendly']","['Painting', 'Bharatanatyam', 'Baking']","['Visual', 'Kinesthetic']","['Independent study', 'Practice']",16:30,19:30,"['Art', 'Hindi', 'English']","['Math', 'Science']","['Creativity', 'Communication']","['Test anxiety', 'Organization']","Shows consistent effort and improvement in Art and English, needs support in Math and Science.","{'Art': 90, 'English': 85, 'Hindi': 88, 'Math': 65, 'Science': 68}","{'Art': 95, 'English': 90, 'Hindi': 92, 'Math': 70, 'Science': 72}","Sensitive and expressive, communicates feelings effectively.","['Praise', 'Encouragement']","Participates actively in group discussions, offers support to peers.","Good communication skills, builds positive relationships.",Lakshmi is a talented and creative student who consistently demonstrates effort and a positive attitude. She excels in creative subjects and needs additional support in Math and Science.,I enjoy expressing myself through art and dance. I believe in the power of collaboration and kindness.,"['Won first place in school art competition', 'Participated in a local dance festival']","['Google Classroom', 'Canva', 'YouTube']",Medium,"['Supportive family', 'Access to internet and computer', 'English and Tamil spoken at home']","Lakshmi created a series of illustrations for a children's storybook, showcasing her artistic talent and storytelling skills."
Aarav Gupta,15,10,ICSE,"['Sports', 'Coding', 'Debate']","['Friendly', 'Competitive', 'Analytical']","['Basketball', 'Programming', 'Chess']","['Kinesthetic', 'Visual']","['Hands-on', 'Independent study']",17:30,21:00,"['Math', 'Science', 'Physical Education']","['History', 'English']","['Problem-solving', 'Teamwork']","['Test anxiety', 'Time management']","Shows consistent improvement in Math and Science, needs support in English and History.","{'Math': 90, 'Science': 85, 'English': 75, 'History': 70, 'Physical Education': 92}","{'Math': 95, 'Science': 90, 'English': 80, 'History': 75, 'Physical Education': 95}","Enthusiastic and determined, seeks feedback to improve.","['Challenge', 'Recognition']","Works well in teams, contributes ideas and actively participates.","Good communication and interpersonal skills, easily builds relationships.",Aarav is a bright and enthusiastic student who consistently demonstrates effort. He is a good team player and always willing to help others. Needs to improve his time management and focus on English.,I enjoy learning through hands-on activities and teamwork. I am always looking for ways to improve and challenge myself.,"['Member of the school basketball team', 'Won a prize in a school coding competition']","['Code.org', 'Khan Academy', 'Google Classroom']",High,"['Supportive parents', 'Access to internet and computer', 'English and Hindi spoken at home']","Aarav developed a mobile app for tracking his basketball team's statistics, demonstrating his passion for coding and sports."
Sia Reddy,15,10,ICSE,"['Art', 'Dance', 'Writing']","['Creative', 'Expressive', 'Thoughtful']","['Painting', 'ModernDance', 'Journaling']","['Visual', 'Kinesthetic']","['Independent study', 'Reflection']",16:00,20:00,"['Art', 'English', 'History']","['Math', 'Science']","['Creativity', 'Communication']","['Test anxiety', 'Organization']","Shows consistent effort and improvement in Art and English, needs support in Math and Science.","{'Art': 92, 'English': 88, 'History': 85, 'Math': 70, 'Science': 72}","{'Art': 95, 'English': 92, 'History': 88, 'Math': 75, 'Science': 78}","Sensitive and expressive, communicates feelings effectively.","['Praise', 'Encouragement']","Participates actively in group discussions, offers support to peers.","Good communication skills, builds positive relationships.",Sia is a talented and creative student who consistently demonstrates effort and a positive attitude. She excels in creative subjects and needs additional support in Math and Science.,I enjoy expressing myself through art and dance. I believe in the power of collaboration and kindness.,"['Won first place in school art competition', 'Published a short story in the school literary magazine']","['Google Classroom', 'Canva', 'YouTube']",Medium,"['Supportive family', 'Access to internet and computer', 'English and Telugu spoken at home']","Sia illustrated a children's book for a local library, showcasing her artistic talent and storytelling skills."
Shreya Reddy,17,12,IB,"['Literature', 'Art', 'Philosophy']","['Creative', 'Introspective', 'Thoughtful']","['Painting', 'Writing', 'Reading']","['Visual', 'Auditory']","['Independent study', 'Reflection']",16:00,22:00,"['English', 'History', 'Art']","['Math', 'Physics']","['Creativity', 'Writing']","['Test anxiety', 'Time management']","Shows consistent effort and improvement in English and Art, needs support in Math and Science.","{'English': 90, 'Art': 95, 'History': 88, 'Math': 72, 'Physics': 68}","{'English': 95, 'Art': 98, 'History': 92, 'Math': 78, 'Physics': 75}","Sensitive and introspective, expresses feelings through art and writing.","['Intrinsic', 'Encouragement']","Participates in group discussions, prefers smaller group settings.","Good communication skills, builds positive relationships with close friends.",Shreya is a talented and creative student who consistently demonstrates effort and a positive attitude. She excels in creative subjects and needs additional support in Math and Science.,I enjoy expressing myself through art and writing. I am a thoughtful learner and prefer to work independently.,"['Won first prize in school art competition', 'Published a short story in the school literary magazine']","['Google Classroom', 'Procreate', 'Grammarly']",Medium,"['Supportive parents', 'Access to internet and computer', 'English and Telugu spoken at home']","Shreya designed and illustrated a children's book as a personal project, showcasing her artistic talent and storytelling skills."
Samhita Reddy,15,10,ICSE,"['Literature', 'Art', 'Music']","['Creative', 'Introspective', 'Kind']","['Drawing', 'Singing', 'Writing']","['Visual', 'Auditory']","['Independent study', 'Reflection']",17:00,20:30,"['English', 'Art', 'History']","['Math', 'Science']","['Creativity', 'Writing']","['Test anxiety', 'Public speaking']","Shows consistent effort and improvement in English and Art, needs support in Math and Science.","{'English': 88, 'Art': 92, 'History': 85, 'Math': 70, 'Science': 72}","{'English': 92, 'Art': 96, 'History': 88, 'Math': 75, 'Science': 78}","Sensitive and thoughtful, expresses feelings through art and writing.","['Praise', 'Intrinsic']","Participates in group discussions, prefers smaller group settings.","Good communication skills, builds positive relationships with close friends.",Samhita is a talented and creative student who consistently demonstrates effort and a positive attitude. She excels in creative subjects and needs additional support in Math and Science.,I enjoy expressing myself through art and writing. I am a thoughtful learner and prefer to work independently.,"['Won third place in school art competition', 'Published a poem in the school literary magazine']","['Google Classroom', 'Canva', 'YouTube']",Medium,"['Supportive family', 'Access to internet and computer', 'English and Telugu spoken at home']","Samhita designed and illustrated a children's book as a personal project, showcasing her artistic talent and storytelling skills."
Neil Kumar,16,11,ICSE,"['Robotics', 'Chess', 'Writing']","['Analytical', 'Logical', 'Creative']","['Coding', 'Gaming', 'Poetry']","['Visual', 'Auditory']","['Independent study', 'Practice']",17:30,21:00,"['Math', 'Computer Science', 'English']","['History', 'Art']","['Problem-solving', 'Critical thinking']","['Test anxiety', 'Time management']","Consistent progress in Math and Computer Science, needs improvement in History.","{'Math': 90, 'Computer Science': 88, 'English': 85, 'History': 72, 'Art': 68}","{'Math': 95, 'Computer Science': 92, 'English': 90, 'History': 78, 'Art': 72}","Focused and determined, seeks feedback to improve.","['Challenge', 'Achievement']","Works well independently, contributes when necessary.","Good communication skills, respectful of others.",Neil is a bright student who consistently demonstrates effort and initiative. He excels in problem-solving and critical thinking and needs to improve time management skills.,I enjoy challenges that allow me to apply my analytical skills. I am always looking for ways to improve my understanding.,"['Won first place in school chess tournament', 'Developed a game app for a school project']","['Code.org', 'Khan Academy', 'Google Classroom']",High,"['Supportive parents', 'Access to internet and computer', 'English and Hindi spoken at home']","Neil designed and built a robot that can play chess, demonstrating his passion for robotics and problem-solving."
Dhruv Mehta,14,9,CBSE,"['Sports', 'Art', 'Music']","['Friendly', 'Creative', 'Energetic']","['Basketball', 'Painting', 'Guitar']","['Kinesthetic', 'Visual']","['Hands-on', 'Group work']",17:00,20:00,"['Math', 'Science', 'Art']","['History', 'English']","['Teamwork', 'Creativity']","['Test anxiety', 'Organization']","Improving steadily in Math and Science, needs support in English and History.","{'Math': 80, 'Science': 78, 'English': 65, 'History': 70, 'Art': 88}","{'Math': 85, 'Science': 82, 'English': 70, 'History': 75, 'Art': 92}","Enthusiastic and energetic, sometimes gets frustrated but perseveres.","['Praise', 'Competition']","Works well in teams, contributes ideas and actively participates.","Good communication and interpersonal skills, easily builds relationships.",Dhruv is a bright and enthusiastic student who consistently demonstrates effort. He is a good team player and always willing to help others. Needs to improve his focus on English and History.,I enjoy learning through hands-on activities and teamwork. I am always looking for ways to improve and challenge myself.,"['Member of the school basketball team', 'Won a prize in school art competition']","['Google Classroom', 'YouTube', 'Canva']",Medium,"['Supportive family', 'Access to internet and computer', 'English and Hindi spoken at home']","Dhruv designed and painted a mural for the school hallway, showcasing his artistic talent and creativity."
Sameer Khan,15,10,ICSE,"['Photography', 'Hiking', 'Coding']","['Creative', 'Curious', 'Introspective']","['NaturePhotography', 'Backpacking', 'Programming']","['Visual', 'Kinesthetic']","['Independent study', 'Hands-on']",17:00,21:00,"['Math', 'ComputerScience', 'Art']","['History', 'Physics']","['Problem-solving', 'Creativity']","['Test anxiety', 'Time management']","Shows consistent improvement in Math and Computer Science, needs support in History.","{'Math': 88, 'ComputerScience': 90, 'English': 82, 'History': 70, 'Art': 85}","{'Math': 92, 'ComputerScience': 95, 'English': 88, 'History': 75, 'Art': 90}","Focused and determined, seeks feedback to improve.","['Challenge', 'Achievement']","Works well independently, but also contributes positively in group projects.","Good communication skills, respectful of others.",Sameer is a bright student who consistently demonstrates effort and initiative. He excels in problem-solving and critical thinking and needs to improve time management skills.,I enjoy challenges that allow me to apply my analytical skills. I am always looking for ways to improve my understanding.,"['Won second place in school photography competition', 'Developed a website for a school project']","['Code.org', 'AdobePhotoshop', 'Google Classroom']",High,"['Supportive parents', 'Access to internet and computer', 'English and Urdu spoken at home']","Sameer created a time-lapse video of a mountain range for a school project, demonstrating his passion for photography and nature."
Aarav Sharma,15,10,ICSE,"['Robotics', 'Photography', 'Literature']","['Curious', 'Creative', 'Analytical']","['Coding', 'Nature walks', 'Reading']","['Visual', 'Kinesthetic']","['Independent study', 'Hands-on']",17:00,20:30,"['Math', 'Science', 'English']","['History', 'Art']","['Problem-solving', 'Critical thinking']","['Test anxiety', 'Time management']","Consistent progress in Math and Science, needs improvement in History.","{'Math': 88, 'Science': 85, 'English': 82, 'History': 70, 'Art': 65}","{'Math': 92, 'Science': 90, 'English': 85, 'History': 75, 'Art': 70}","Focused and determined, seeks feedback to improve.","['Challenge', 'Achievement']","Works well independently, contributes when necessary.","Good communication skills, respectful of others.",Aarav is a bright student who consistently demonstrates effort and initiative. He excels in problem-solving and critical thinking and needs to improve time management skills.,I enjoy challenges that allow me to apply my analytical skills. I am always looking for ways to improve my understanding.,"['Won second place in school science fair', 'Built a robot for a school project']","['Code.org', 'Khan Academy', 'Google Classroom']",High,"['Supportive parents', 'Access to internet and computer', 'English and Hindi spoken at home']","Aarav designed and built a robot that can solve a Rubik's cube, demonstrating his passion for robotics and problem-solving."
Maya Iyer,16,11,IB,"['Literature', 'Art', 'Philosophy']","['Creative', 'Introspective', 'Thoughtful']","['Drawing', 'Writing', 'Reading']","['Visual', 'Auditory']","['Independent study', 'Reflection']",16:30,21:30,"['English', 'History', 'Art']","['Math', 'Physics']","['Creativity', 'Writing']","['Test anxiety', 'Time management']","Shows consistent effort and improvement in English and Art, needs support in Math and Physics.","{'English': 88, 'Art': 92, 'History': 85, 'Math': 70, 'Physics': 68}","{'English': 92, 'Art': 96, 'History': 88, 'Math': 75, 'Physics': 72}","Sensitive and thoughtful, expresses feelings through art and writing.","['Intrinsic', 'Encouragement']","Participates in group discussions, prefers smaller group settings.","Good communication skills, builds positive relationships with close friends.",Maya is a talented and creative student who consistently demonstrates effort and a positive attitude. She excels in creative subjects and needs additional support in Math and Physics.,I enjoy expressing myself through art and writing. I am a thoughtful learner and prefer to work independently.,"['Won second place in school art competition', 'Published a short story in the school literary magazine']","['Google Classroom', 'Procreate', 'Grammarly']",Medium,"['Supportive parents', 'Access to internet and computer', 'English and Tamil spoken at home']","Maya designed and illustrated a children's book as a personal project, showcasing her artistic talent and storytelling skills."
Rahul Kumar,14,9,CBSE,"['Sports', 'Music', 'Cooking']","['Friendly', 'Energetic', 'Helpful']","['Basketball', 'Singing', 'Baking']","['Kinesthetic', 'Auditory']","['Hands-on', 'Group work']",17:00,20:00,"['Math', 'Science', 'Physical Education']","['History', 'English']","['Teamwork', 'Communication']","['Test anxiety', 'Organization']",Improving consistently in Math and Science.,"{'Math': 80, 'Science': 75, 'English': 65, 'History': 70, 'Physical Education': 90}","{'Math': 85, 'Science': 80, 'English': 70, 'History': 75, 'Physical Education': 95}","Generally enthusiastic and positive, seeks help when needed.","['Praise', 'Encouragement']","Cooperative and supportive, actively participates in group projects.","Strong communication and interpersonal skills, maintains positive relationships with peers and teachers.",Rahul is a friendly and enthusiastic student who consistently demonstrates effort. He is a good team player and always willing to help others.,I enjoy learning through hands-on activities and teamwork. I am always looking for ways to improve.,"['Member of the school basketball team', 'Won a prize in school baking competition']","['Google Classroom', 'YouTube', 'Quizlet']",Medium,"['Supportive family', 'Access to internet and computer', 'English and Hindi spoken at home']","Rahul created a unique recipe for a school cooking competition, showcasing his creativity and culinary skills."
Aditya Kumar,14,9,CBSE,"['Sports', 'Music', 'Coding']","['Friendly', 'Energetic', 'Curious']","['Cricket', 'Guitar', 'Gaming']","['Kinesthetic', 'Auditory']","['Hands-on', 'Group work']",17:30,20:30,"['Math', 'Science', 'Physical Education']","['History', 'English']","['Teamwork', 'Problem-solving']","['Test anxiety', 'Time management']",Improving consistently in Math and Science.,"{'Math': 85, 'Science': 80, 'English': 70, 'History': 65, 'Physical Education': 92}","{'Math': 90, 'Science': 85, 'English': 75, 'History': 70, 'Physical Education': 95}","Generally enthusiastic and positive, seeks help when needed.","['Praise', 'Encouragement']","Cooperative and supportive, actively participates in group projects.","Strong communication and interpersonal skills, maintains positive relationships with peers and teachers.",Aditya is a friendly and enthusiastic student who consistently demonstrates effort. He is a good team player and always willing to help others.,I enjoy learning through hands-on activities and teamwork. I am always looking for ways to improve.,"['Member of the school cricket team', 'Won a prize in a school music competition']","['Google Classroom', 'YouTube', 'Code.org']",Medium,"['Supportive family', 'Access to internet and computer', 'English and Hindi spoken at home']","Aditya created a unique melody for a school music competition, showcasing his musical talent and creativity."
Priyanshu Kumar,14,9,CBSE,"['Sports', 'Music', 'Coding']","['Friendly', 'Energetic', 'Curious']","['Basketball', 'Singing', 'Gaming']","['Kinesthetic', 'Auditory']","['Hands-on', 'Group work']",17:30,20:30,"['Math', 'Science', 'Physical Education']","['History', 'English']","['Teamwork', 'Problem-solving']","['Test anxiety', 'Organization']",Improving consistently in Math and Science.,"{'Math': 85, 'Science': 80, 'English': 70, 'History': 65, 'Physical Education': 92}","{'Math': 90, 'Science': 85, 'English': 75, 'History': 70, 'Physical Education': 95}","Generally enthusiastic and positive, seeks help when needed.","['Praise', 'Encouragement']","Cooperative and supportive, actively participates in group projects.","Strong communication and interpersonal skills, maintains positive relationships with peers and teachers.",Priyanshu is a friendly and enthusiastic student who consistently demonstrates effort. He is a good team player and always willing to help others.,I enjoy learning through hands-on activities and teamwork. I am always looking for ways to improve.,"['Member of the school basketball team', 'Won a prize in school singing competition']","['Google Classroom', 'YouTube', 'Code.org']",Medium,"['Supportive family', 'Access to internet and computer', 'English and Hindi spoken at home']","Priyanshu created a unique song for a school music competition, showcasing his musical talent and creativity."
Aryan Singh,14,9,CBSE,"['Sports', 'Music', 'Art']","['Friendly', 'Energetic', 'Creative']","['Basketball', 'Singing', 'Drawing']","['Kinesthetic', 'Auditory', 'Visual']","['Hands-on', 'Group work', 'Discussions']",17:30,20:30,"['Math', 'Science', 'Art']","['History', 'English']","['Teamwork', 'Communication', 'Creativity']","['Test anxiety', 'Time management']","Showing steady improvement in Math and Science, needs support in English and History.","{'Math': 85, 'Science': 80, 'English': 70, 'History': 65, 'Art': 90}","{'Math': 90, 'Science': 85, 'English': 75, 'History': 70, 'Art': 95}","Generally enthusiastic and positive, seeks help when needed.","['Praise', 'Encouragement']","Cooperative and supportive, actively participates in group projects.","Strong communication and interpersonal skills, maintains positive relationships with peers and teachers.",Aryan is a friendly and enthusiastic student who consistently demonstrates effort. He is a good team player and always willing to help others.,I enjoy learning through hands-on activities and teamwork. I am always looking for ways to improve.,"['Member of the school basketball team', 'Won a prize in school art competition']","['Google Classroom', 'YouTube', 'Canva']",Medium,"['Supportive family', 'Access to internet and computer', 'English and Hindi spoken at home']","Aryan designed and created a unique basketball jersey design for his team, showcasing his artistic talent and creativity."
Isha Gupta,14,9,CBSE,"['Art', 'Dance', 'Cooking']","['Creative', 'Expressive', 'Friendly']","['Painting', 'HipHop', 'Baking']","['Visual', 'Kinesthetic']","['Independent study', 'Practice']",16:00,19:00,"['Art', 'Hindi', 'English']","['Math', 'Science']","['Creativity', 'Communication']","['Test anxiety', 'Time management']","Shows consistent effort and improvement in Art and English, needs support in Math and Science.","{'Art': 92, 'English': 85, 'Hindi': 80, 'Math': 68, 'Science': 70}","{'Art': 96, 'English': 90, 'Hindi': 85, 'Math': 72, 'Science': 75}","Expressive and enthusiastic, sometimes struggles with self-doubt but perseveres.","['Praise', 'Encouragement']","Participates actively in group discussions, offers support to peers.","Good communication skills, builds positive relationships.",Isha is a talented and creative student who consistently demonstrates effort and a positive attitude. She excels in creative subjects and needs additional support in Math and Science.,I enjoy expressing myself through art and dance. I am a determined learner and enjoy working independently.,"['Won second place in school art competition', 'Participated in a local dance competition']","['Google Classroom', 'Canva', 'YouTube']",Medium,"['Supportive family', 'Access to internet and computer', 'English and Hindi spoken at home']","Isha created a series of illustrations for a children's cookbook, showcasing her artistic talent and culinary skills."
Vivaan Sharma,15,10,ICSE,"['Sports', 'Literature', 'Music']","['Friendly', 'Competitive', 'Creative']","['Cricket', 'Reading', 'Guitar']","['Kinesthetic', 'Auditory']","['Group work', 'Discussions']",17:30,21:00,"['English', 'History', 'Physical Education']","['Math', 'Science']","['Teamwork', 'Communication']","['Test anxiety', 'Time management']",Showing steady improvement in English and History.,"{'English': 82, 'History': 85, 'Physical Education': 90, 'Math': 68, 'Science': 65}","{'English': 88, 'History': 90, 'Physical Education': 95, 'Math': 72, 'Science': 70}","Enthusiastic and energetic, sometimes struggles with setbacks but bounces back quickly.","['Praise', 'Competition']","Works collaboratively, actively participates and encourages teammates.","Excellent communication and interpersonal skills, easily makes friends.",Vivaan is a friendly and engaged student who is always willing to participate. He shows good teamwork skills and consistently improves his work.,I enjoy learning through collaboration and hands-on activities. I am always looking for ways to improve.,"['Captain of the school cricket team', 'Member of the school music band']","['Google Classroom', 'YouTube', 'Quizlet']",Medium,"['Supportive family', 'Access to internet and computer', 'English and Hindi spoken at home']","Vivaan started a school music club, showcasing his creativity and leadership skills."
Rahul Gupta,15,10,ICSE,"['Sports', 'Literature', 'Art']","['Friendly', 'Creative', 'Thoughtful']","['Cricket', 'Reading', 'Painting']","['Kinesthetic', 'Visual', 'Auditory']","['Group work', 'Discussions', 'Hands-on']",17:30,21:00,"['English', 'History', 'Art']","['Math', 'Science']","['Teamwork', 'Communication', 'Creativity']","['Test anxiety', 'Time management']",Shows consistent effort and improvement in English and History. Needs support in Math and Science.,"{'English': 85, 'History': 88, 'Art': 90, 'Math': 70, 'Science': 65}","{'English': 90, 'History': 92, 'Art': 95, 'Math': 75, 'Science': 70}","Generally positive and enthusiastic, seeks help when needed.","['Praise', 'Encouragement']","Participates actively in group projects, offers support to peers.","Good communication and interpersonal skills, maintains positive relationships with peers and teachers.",Rahul is a friendly and engaged student who consistently demonstrates effort. He is a good team player and always willing to help others.,I enjoy learning through collaboration and hands-on activities. I am always looking for ways to improve.,"['Member of the school cricket team', 'Won second place in school art competition']","['Google Classroom', 'YouTube', 'Canva']",Medium,"['Supportive family', 'Access to internet and computer', 'English and Hindi spoken at home']","Rahul designed and created a unique cricket bat design for his team, showcasing his artistic talent and creativity."
Diya Reddy,16,11,IB,"['Literature', 'Art', 'Debate']","['Creative', 'Analytical', 'Confident']","['Writing', 'Sketching', 'PublicSpeaking']","['Visual', 'Auditory']","['Independent study', 'Discussions']",17:00,21:30,"['English', 'History', 'Art']","['Math', 'Physics']","['Communication', 'CriticalThinking']","['Test anxiety', 'Time management']","Shows consistent improvement in English and History, needs support in Math and Physics.","{'English': 88, 'History': 90, 'Art': 92, 'Math': 70, 'Physics': 68}","{'English': 92, 'History': 95, 'Art': 96, 'Math': 75, 'Physics': 72}","Confident and articulate, seeks feedback to improve.","['Intrinsic', 'Recognition']","Participates actively in group discussions, offers constructive criticism.","Excellent communication and interpersonal skills, builds positive relationships with peers and teachers.",Diya is a bright and engaged student who consistently demonstrates effort and initiative. She excels in creative subjects and needs additional support in Math and Physics.,I enjoy expressing myself through writing and art. I am a thoughtful learner and enjoy collaborating with others.,"['Won first place in school debate competition', 'Published a short story in the school literary magazine']","['Google Classroom', 'Canva', 'Grammarly']",Medium,"['Supportive parents', 'Access to internet and computer', 'English and Telugu spoken at home']","Diya designed and created a website for her school's art club, showcasing her creativity and technical skills."
Radha Krishnan,14,9,CBSE,"['Art', 'Dance', 'Cooking']","['Creative', 'Expressive', 'Friendly']","['Painting', 'Bollywood', 'Baking']","['Visual', 'Kinesthetic']","['Independent study', 'Practice']",16:30,19:30,"['Art', 'Hindi', 'English']","['Math', 'Science']","['Creativity', 'Communication']","['Test anxiety', 'Organization']","Shows consistent effort and improvement in Art and English, needs support in Math and Science.","{'Art': 90, 'English': 85, 'Hindi': 88, 'Math': 65, 'Science': 68}","{'Art': 95, 'English': 90, 'Hindi': 92, 'Math': 70, 'Science': 72}","Sensitive and expressive, communicates feelings effectively.","['Praise', 'Encouragement']","Participates actively in group discussions, offers support to peers.","Good communication skills, builds positive relationships.",Radha is a talented and creative student who consistently demonstrates effort and a positive attitude. She excels in creative subjects and needs additional support in Math and Science.,I enjoy expressing myself through art and dance. I believe in the power of collaboration and kindness.,"['Won first place in school art competition', 'Participated in a local dance festival']","['Google Classroom', 'Canva', 'YouTube']",Medium,"['Supportive family', 'Access to internet and computer', 'English and Tamil spoken at home']","Radha created a series of illustrations for a children's storybook, showcasing her artistic talent and storytelling skills."
Eshaan Desai,15,10,ICSE,"['Photography', 'Writing', 'Chess']","['Creative', 'Analytical', 'Thoughtful']","['NaturePhotography', 'Poetry', 'Gaming']","['Visual', 'Auditory']","['Independent study', 'Reflection']",17:00,21:00,"['English', 'History', 'Math']","['Science', 'Art']","['Writing', 'Problem-solving']","['Test anxiety', 'Public speaking']","Consistent improvement in English and History, needs support in Science.","{'English': 88, 'History': 90, 'Math': 85, 'Science': 70, 'Art': 65}","{'English': 92, 'History': 95, 'Math': 90, 'Science': 75, 'Art': 70}","Thoughtful and introspective, seeks clarification when needed.","['Intrinsic', 'Encouragement']","Participates actively in group discussions, offers insightful contributions.","Good communication skills, builds positive relationships with peers and teachers.",Eshaan is a bright and engaged student who consistently demonstrates effort and initiative. He excels in analytical subjects and needs additional support in Science.,I enjoy exploring new ideas and expressing myself through writing and photography. I am a reflective learner and enjoy independent study.,"['Won second place in school photography competition', 'Published a poem in the school literary magazine']","['Google Classroom', 'Canva', 'Adobe Lightroom']",Medium,"['Supportive parents', 'Access to internet and computer', 'English and Gujarati spoken at home']","Eshaan created a photo essay documenting the biodiversity in his local park, demonstrating his passion for photography and environmental awareness."
Rhea Reddy,14,9,CBSE,"['Dance', 'Photography', 'Cooking']","['Creative', 'Energetic', 'Friendly']","['ContemporaryDance', 'NaturePhotography', 'Baking']","['Kinesthetic', 'Visual']","['Hands-on', 'Group work']",17:00,20:00,"['Art', 'Math', 'Science']","['History', 'English']","['Creativity', 'Teamwork']","['Test anxiety', 'Time management']","Improving steadily in Math and Science, needs support in English and History.","{'Math': 82, 'Science': 78, 'English': 68, 'History': 70, 'Art': 85}","{'Math': 88, 'Science': 82, 'English': 72, 'History': 75, 'Art': 90}","Enthusiastic and energetic, sometimes gets frustrated but perseveres.","['Praise', 'Recognition']","Works well in teams, contributes ideas and actively participates.","Good communication and interpersonal skills, easily builds relationships.",Rhea is a bright and enthusiastic student who consistently demonstrates effort. She is a good team player and always willing to help others. Needs to improve her focus on English and History.,I enjoy learning through hands-on activities and teamwork. I am always looking for ways to improve and challenge myself.,"['Member of the school dance team', 'Won a prize in school baking competition']","['Google Classroom', 'YouTube', 'Canva']",Medium,"['Supportive family', 'Access to internet and computer', 'English and Telugu spoken at home']","Rhea created a unique cake design for her family's birthday, showcasing her creativity and culinary skills."
Virat Singh,15,10,CBSE,"['Sports', 'Music', 'Coding']","['Energetic', 'Friendly', 'Competitive']","['Cricket', 'Guitar', 'Gaming']","['Kinesthetic', 'Auditory']","['Hands-on', 'Group work']",17:00,20:30,"['Math', 'Science', 'Physical Education']","['History', 'English']","['Teamwork', 'Problem-solving']","['Test anxiety', 'Organization']","Shows consistent improvement in Math and Science, needs support in English and History.","{'Math': 88, 'Science': 85, 'English': 70, 'History': 68, 'Physical Education': 92}","{'Math': 92, 'Science': 90, 'English': 75, 'History': 72, 'Physical Education': 95}","Enthusiastic and determined, seeks help when needed.","['Praise', 'Competition']","Cooperative and supportive, actively participates in group projects.","Good communication and interpersonal skills, easily makes friends.",Virat is a friendly and enthusiastic student who consistently demonstrates effort. He is a good team player and always willing to help others.,I enjoy learning through hands-on activities and teamwork. I am always looking for ways to improve.,"['Member of the school cricket team', 'Won a prize in school music competition']","['Google Classroom', 'YouTube', 'Code.org']",Medium,"['Supportive family', 'Access to internet and computer', 'English and Hindi spoken at home']","Virat created a unique cricket bat design for his team, showcasing his creativity and problem-solving skills."
Tanmay Joshi,14,9,CBSE,"['Sports', 'Music', 'Cooking']","['Friendly', 'Energetic', 'Creative']","['Cricket', 'Singing', 'Baking']","['Kinesthetic', 'Auditory']","['Hands-on', 'Group work']",17:00,20:00,"['Math', 'Science', 'Physical Education']","['History', 'English']","['Teamwork', 'Communication']","['Test anxiety', 'Organization']","Improving steadily in Math and Science, needs support in English and History.","{'Math': 82, 'Science': 78, 'English': 68, 'History': 70, 'Physical Education': 90}","{'Math': 88, 'Science': 82, 'English': 72, 'History': 75, 'Physical Education': 95}","Generally enthusiastic and positive, seeks help when needed.","['Praise', 'Encouragement']","Cooperative and supportive, actively participates in group projects.","Strong communication and interpersonal skills, maintains positive relationships with peers and teachers.",Tanmay is a friendly and enthusiastic student who consistently demonstrates effort. He is a good team player and always willing to help others.,I enjoy learning through hands-on activities and teamwork. I am always looking for ways to improve.,"['Member of the school cricket team', 'Won a prize in school baking competition']","['Google Classroom', 'YouTube', 'Quizlet']",Medium,"['Supportive family', 'Access to internet and computer', 'English and Marathi spoken at home']","Tanmay created a unique cake design for his family's birthday, showcasing his creativity and culinary skills."
Rahul Sharma,15,10,ICSE,"['Photography', 'Writing', 'Chess']","['Creative', 'Analytical', 'Thoughtful']","['NaturePhotography', 'Poetry', 'Gaming']","['Visual', 'Auditory']","['Independent study', 'Reflection']",17:30,21:00,"['English', 'History', 'Math']","['Science', 'Art']","['Writing', 'Problem-solving']","['Test anxiety', 'Public speaking']","Consistent improvement in English and History, needs support in Science.","{'English': 88, 'History': 90, 'Math': 85, 'Science': 70, 'Art': 65}","{'English': 92, 'History': 95, 'Math': 90, 'Science': 75, 'Art': 70}","Thoughtful and introspective, seeks clarification when needed.","['Intrinsic', 'Encouragement']","Participates actively in group discussions, offers insightful contributions.","Good communication skills, builds positive relationships with peers and teachers.",Rahul is a bright and engaged student who consistently demonstrates effort and initiative. He excels in analytical subjects and needs additional support in Science.,I enjoy exploring new ideas and expressing myself through writing and photography. I am a reflective learner and enjoy independent study.,"['Won second place in school photography competition', 'Published a poem in the school literary magazine']","['Google Classroom', 'Canva', 'Adobe Lightroom']",Medium,"['Supportive parents', 'Access to internet and computer', 'English and Hindi spoken at home']","Rahul created a photo essay documenting the local street art in his city, demonstrating his passion for photography and artistic appreciation."
Rohan Sharma,14,9,CBSE,"['Sports', 'Music', 'Art']","['Friendly', 'Energetic', 'Creative']","['Basketball', 'Singing', 'Drawing']","['Kinesthetic', 'Auditory', 'Visual']","['Hands-on', 'Group work', 'Discussions']",17:00,20:00,"['Math', 'Science', 'Art']","['History', 'English']","['Teamwork', 'Communication', 'Creativity']","['Test anxiety', 'Time management']","Improving steadily in Math and Science, needs support in English and History.","{'Math': 80, 'Science': 78, 'English': 65, 'History': 70, 'Art': 88}","{'Math': 85, 'Science': 82, 'English': 70, 'History': 75, 'Art': 92}","Enthusiastic and energetic, sometimes gets frustrated but perseveres.","['Praise', 'Competition']","Works well in teams, contributes ideas and actively participates.","Good communication and interpersonal skills, easily builds relationships.",Rohan is a bright and enthusiastic student who consistently demonstrates effort. He is a good team player and always willing to help others. Needs to improve his focus on English and History.,I enjoy learning through hands-on activities and teamwork. I am always looking for ways to improve and challenge myself.,"['Member of the school basketball team', 'Won a prize in school art competition']","['Google Classroom', 'YouTube', 'Canva']",Medium,"['Supportive family', 'Access to internet and computer', 'English and Hindi spoken at home']","Rohan designed and created a unique basketball jersey design for his team, showcasing his artistic talent and creativity."
Ishaan Bhatnagar,14,9,CBSE,"['Robotics', 'Photography', 'Writing']","['Curious', 'Creative', 'Analytical']","['Coding', 'NaturePhotography', 'Poetry']","['Visual', 'Kinesthetic']","['Independent study', 'Hands-on']",17:00,20:30,"['Math', 'Science', 'English']","['History', 'Art']","['Problem-solving', 'Critical thinking']","['Test anxiety', 'Time management']","Consistent progress in Math and Science, needs improvement in History.","{'Math': 88, 'Science': 85, 'English': 82, 'History': 70, 'Art': 65}","{'Math': 92, 'Science': 90, 'English': 85, 'History': 75, 'Art': 70}","Focused and determined, seeks feedback to improve.","['Challenge', 'Achievement']","Works well independently, contributes when necessary.","Good communication skills, respectful of others.",Ishaan is a bright student who consistently demonstrates effort and initiative. He excels in problem-solving and critical thinking and needs to improve time management skills.,I enjoy challenges that allow me to apply my analytical skills. I am always looking for ways to improve my understanding.,"['Won second place in school science fair', 'Built a robot for a school project']","['Code.org', 'Khan Academy', 'Google Classroom']",High,"['Supportive parents', 'Access to internet and computer', 'English and Hindi spoken at home']","Ishaan designed and built a robot that can solve a Rubik's cube, demonstrating his passion for robotics and problem-solving."
Aarav Singh,14,9,CBSE,"['Chess', 'Coding', 'Debate']","['Analytical', 'Logical', 'Determined']","['Chess', 'Programming', 'Reading']","['Visual', 'Auditory']","['Independent study', 'Practice']",17:00,21:00,"['Math', 'Science', 'Computer Science']","['History', 'Art']","['Problem-solving', 'Critical thinking']","['Test anxiety', 'Public speaking']","Consistent progress in Math and Science, needs improvement in History.","{'Math': 88, 'Science': 85, 'English': 82, 'History': 70, 'Art': 65}","{'Math': 92, 'Science': 90, 'English': 85, 'History': 75, 'Art': 70}","Focused and determined, seeks feedback to improve.","['Challenge', 'Achievement']","Works well independently, contributes when necessary.","Good communication skills, respectful of others.",Aarav is a bright student who consistently demonstrates effort and initiative. He excels in problem-solving and critical thinking and needs to improve time management skills.,I enjoy challenges that allow me to apply my analytical skills. I am always looking for ways to improve my understanding.,"['Won second place in school chess tournament', 'Developed a game for a school project']","['Code.org', 'Khan Academy', 'Google Classroom']",High,"['Supportive parents', 'Access to internet and computer', 'English and Hindi spoken at home']","Aarav designed and built a robot that can solve a Rubik's cube, demonstrating his passion for robotics and problem-solving."
Aditya Verma,15,10,ICSE,"['Sports', 'Literature', 'Debate']","['Friendly', 'Competitive', 'Analytical']","['Cricket', 'Reading', 'Chess']","['Kinesthetic', 'Auditory', 'Visual']","['Group work', 'Discussions', 'Practice']",17:30,21:00,"['English', 'History', 'Math']","['Science', 'Art']","['Teamwork', 'Communication', 'Problem-solving']","['Test anxiety', 'Time management']","Shows consistent improvement in English and History, needs support in Science.","{'English': 88, 'History': 90, 'Math': 85, 'Science': 70, 'Art': 65}","{'English': 92, 'History': 95, 'Math': 90, 'Science': 75, 'Art': 70}","Generally positive and enthusiastic, seeks help when needed.","['Praise', 'Competition', 'Recognition']","Participates actively in group discussions, offers support to peers.","Good communication and interpersonal skills, builds positive relationships.",Aditya is a friendly and engaged student who consistently demonstrates effort. He is a good team player and always willing to help others.,I enjoy learning through collaboration and hands-on activities. I am always looking for ways to improve.,"['Member of the school cricket team', 'Won second place in school debate competition']","['Google Classroom', 'YouTube', 'Quizlet']",Medium,"['Supportive family', 'Access to internet and computer', 'English and Hindi spoken at home']","Aditya wrote a short story that was published in the school literary magazine, showcasing his creative writing skills."
Samarth Jain,16,11,ICSE,"['Robotics', 'Literature', 'Debate']","['Analytical', 'Curious', 'Confident']","['Coding', 'Reading', 'Chess']","['Visual', 'Auditory']","['Independent study', 'Practice']",18:00,22:00,"['Math', 'Physics', 'English']","['History', 'Art']","['Problem-solving', 'Critical thinking']","['Test anxiety', 'Time management']","Consistent improvement in Math and Science, needs to improve time management skills.","{'Math': 90, 'Science': 85, 'English': 88, 'History': 72, 'Physics': 82}","{'Math': 95, 'Science': 90, 'English': 92, 'History': 78, 'Physics': 88}","Focused and determined, seeks feedback to improve.","['Challenge', 'Achievement']","Works well independently, but participates effectively in group discussions when needed.","Good communication skills, respectful of others.",Samarth is a bright and engaged student who consistently demonstrates effort and initiative. He excels in problem-solving and critical thinking and needs to improve time management skills.,I enjoy challenges that allow me to apply my analytical skills. I am always looking for ways to improve my understanding.,"['Won first place in school chess tournament', 'Built a robot for a school science fair']","['Code.org', 'Khan Academy', 'Google Classroom']",High,"['Supportive parents', 'Access to internet and computer', 'English and Hindi spoken at home']","Samarth developed a mobile app for tracking his chess games, demonstrating his passion for coding and chess."
Ishaan Rai,15,10,ICSE,"['Sports', 'Photography', 'Coding']","['Energetic', 'Friendly', 'Creative']","['Basketball', 'NaturePhotography', 'Programming']","['Kinesthetic', 'Visual']","['Hands-on', 'Independent study']",17:30,21:00,"['Math', 'Science', 'Computer Science']","['History', 'English']","['Problem-solving', 'Teamwork']","['Test anxiety', 'Time management']","Shows consistent improvement in Math and Science, needs support in English and History.","{'Math': 88, 'Science': 85, 'English': 70, 'History': 68, 'Computer Science': 82}","{'Math': 92, 'Science': 90, 'English': 75, 'History': 72, 'Computer Science': 88}","Enthusiastic and competitive, seeks feedback to improve.","['Challenge', 'Recognition']","Works well in teams, contributes actively and positively.","Good communication and interpersonal skills, enjoys collaborating with peers.",Ishaan is a friendly and engaged student who consistently demonstrates effort. He is a good team player and always willing to help others. Needs to focus more on English and History.,I enjoy learning through hands-on activities and teamwork. I am always looking for ways to improve.,"['Member of the school basketball team', 'Won a photography contest']","['Google Classroom', 'YouTube', 'Scratch']",Medium,"['Supportive parents', 'Access to internet and computer', 'English and Hindi spoken at home']","Ishaan created a website for his school's basketball team, showcasing his coding and organizational skills."
Priyanshi Jain,16,11,ICSE,"['Art', 'Literature', 'Music']","['Creative', 'Thoughtful', 'Introverted']","['Painting', 'Reading', 'Piano']","['Visual', 'Auditory']","['Independent study', 'Reflection']",17:00,21:00,"['English', 'History', 'Art']","['Math', 'Science']","['Creativity', 'Writing']","['Test anxiety', 'Public speaking']","Shows consistent effort and improvement in English and Art, needs support in Math and Science.","{'English': 88, 'Art': 95, 'History': 82, 'Math': 70, 'Science': 68}","{'English': 92, 'Art': 98, 'History': 85, 'Math': 75, 'Science': 72}","Sensitive and introspective, expresses feelings through art and writing.","['Praise', 'Intrinsic']","Participates in group discussions, prefers smaller group settings.","Good communication skills, builds positive relationships with close friends.",Priyanshi is a talented and creative student who consistently demonstrates effort and a positive attitude. She excels in creative subjects and needs additional support in Math and Science.,I enjoy expressing myself through art and writing. I am a thoughtful learner and prefer to work independently.,"['Won first place in school art competition', 'Published a short story in the school literary magazine']","['Google Classroom', 'Procreate', 'YouTube']",Medium,"['Supportive family', 'Access to internet and computer', 'English and Hindi spoken at home']","Priyanshi created a series of illustrations for a children's book, showcasing her artistic talent and storytelling skills."
Saanvi Reddy,15,10,ICSE,"['Art', 'Dance', 'Writing']","['Creative', 'Expressive', 'Thoughtful']","['Painting', 'Bharatanatyam', 'Poetry']","['Visual', 'Kinesthetic']","['Independent study', 'Reflection']",17:00,20:30,"['English', 'Art', 'History']","['Math', 'Science']","['Creativity', 'Communication']","['Test anxiety', 'Time management']",Shows consistent effort and improvement in English and Art.,"{'English': 85, 'Art': 92, 'History': 80, 'Math': 70, 'Science': 68}","{'English': 90, 'Art': 96, 'History': 85, 'Math': 75, 'Science': 72}","Sensitive and empathetic, expresses feelings openly.","['Praise', 'Encouragement']","Participates actively in group discussions, offers support to peers.","Good communication skills, builds positive relationships.",Saanvi is a talented and creative student who consistently demonstrates effort and a positive attitude. She actively participates in class and is always willing to help her classmates.,I enjoy expressing myself through art and writing. I believe in the power of collaboration and kindness.,"['Won first place in school art competition', 'Published a poem in the school literary magazine']","['Google Classroom', 'Canva', 'YouTube']",Medium,"['Supportive family', 'Access to internet and computer', 'English and Telugu spoken at home']","Saanvi illustrated a children's book for a local library, showcasing her artistic talent and storytelling skills."
Samarth Sharma,15,10,ICSE,"['Robotics', 'Debating', 'Literature']","['Analytical', 'Curious', 'Confident']","['Coding', 'PublicSpeaking', 'Reading']","['Visual', 'Auditory']","['Independent study', 'Discussions']",17:30,21:00,"['Math', 'Physics', 'English']","['Chemistry', 'History']","['Problem-solving', 'Critical thinking']","['Test anxiety', 'Time management']","Consistent improvement in Math and Physics, needs support in Chemistry.","{'Math': 92, 'Physics': 88, 'English': 85, 'Chemistry': 70, 'History': 75}","{'Math': 95, 'Physics': 90, 'English': 88, 'Chemistry': 75, 'History': 80}","Focused and determined, seeks clarification when needed.","['Challenge', 'Achievement']","Works well independently, contributes thoughtfully in group discussions.","Good communication skills, maintains respectful relationships with peers and teachers.",Samarth is a bright and engaged student who consistently demonstrates effort and initiative. He excels in analytical subjects and needs additional support in Chemistry.,I enjoy challenges that stimulate my analytical skills and encourage independent learning.,"['Won second place in school debate competition', 'Built a robot for a school science fair']","['Code.org', 'Khan Academy', 'Google Classroom']",High,"['Supportive parents', 'Access to internet and computer', 'English and Hindi spoken at home']","Samarth developed a mobile app for tracking debate statistics, demonstrating his passion for coding and debating."
Ishaan Singh,15,10,ICSE,"['Photography', 'Coding', 'Chess']","['Creative', 'Analytical', 'Determined']","['NaturePhotography', 'Programming', 'Chess']","['Visual', 'Kinesthetic']","['Independent study', 'Hands-on']",17:30,21:00,"['Math', 'Computer Science', 'Art']","['History', 'English']","['Problem-solving', 'Critical thinking']","['Test anxiety', 'Public speaking']","Consistent progress in Math and Computer Science, needs improvement in History.","{'Math': 90, 'Computer Science': 88, 'English': 75, 'History': 68, 'Art': 80}","{'Math': 95, 'Computer Science': 92, 'English': 80, 'History': 72, 'Art': 85}","Focused and determined, seeks feedback to improve.","['Challenge', 'Achievement']","Works well independently, contributes when necessary.","Good communication skills, respectful of others.",Ishaan is a bright student who consistently demonstrates effort and initiative. He excels in problem-solving and critical thinking and needs to improve time management skills.,I enjoy challenges that allow me to apply my analytical skills. I am always looking for ways to improve my understanding.,"['Won first place in school photography competition', 'Developed a game app for a school project']","['Code.org', 'Adobe Photoshop', 'Google Classroom']",High,"['Supportive parents', 'Access to internet and computer', 'English and Hindi spoken at home']","Ishaan created a time-lapse photography project documenting the growth of a plant, showcasing his patience and observation skills."
