name,age,class_level,syllabus,interests,personality,hobbies,learning_style,pattern_of_learning,study_routine_start,study_routine_end,preferred_subjects,struggles_with,strengths,challenges,academic_progress,marks_last_year_final,marks_last_internals,emotional_traits,motivation_style,group_behavior,social_skills,teacher_feedback,student_voice,accomplishments,digital_learning,tech_savviness,home_environment,interesting_stories,personalization_score,personalization_explanation,relevance_score,relevance_explanation
Anika Sharma,15,10,CBSE,"['Coding', 'Astronomy', 'Debate']","['Curious', 'Creative', 'Determined']","['Reading', 'Drawing', 'Hiking']","['Visual', 'Kinesthetic']","['Hands-on', 'Group work']",18:00,21:00,"['Math', 'Science', 'English']","['History', 'Physics']","['Problem-solving', 'Communication']","['Public speaking', 'Time management']",Steady improvement in Math and Science.,"{'Math': 92, 'Science': 88, 'English': 85, 'History': 70, 'Physics': 75}","{'Math': 95, 'Science': 90, 'English': 88, 'History': 75, 'Physics': 80}","Generally positive and resilient, seeks clarification when needed.","['Recognition', 'Challenge']","Cooperative and supportive, actively participates in group projects.","Strong communication and interpersonal skills, maintains positive relationships with peers and teachers.",Anika is a bright and engaged student who consistently demonstrates effort and initiative. She participates actively in class discussions and is always willing to help her classmates.,I enjoy learning new things and challenging myself. I believe in collaboration and helping others succeed.,"['Won first place in school debate competition', 'Member of the school astronomy club']","['Khan Academy', 'Google Classroom', 'Zoom']",High,"['Supportive parents', 'Access to internet and computer', 'English and Hindi spoken at home']","Anika developed a mobile app for tracking celestial events as part of a school project, demonstrating her passion for astronomy and coding.",7,"The answer attempts to connect the digestive system to Anika's interests by using the analogy of a 'city' and 'shopping center,' aligning with her creative personality and visual learning style. It also tries to simplify the explanation for a 10th grader, but it still leans heavily on a textbook explanation first. Hands-on activity is mentioned to align with her learning preferences.",9,"The cleaned answer accurately describes the human digestive system and its components (mouth, esophagus, stomach, small intestine, and large intestine). It correctly outlines the process of breaking down food and nutrient absorption. The content is relevant and accurate for a high school biology topic."
Rohan Patel,16,11,ICSE,"['Music', 'Sports', 'Travel']","['Friendly', 'Outgoing', 'Energetic']","['Guitar', 'Basketball', 'Photography']","['Auditory', 'Kinesthetic']","['Group work', 'Discussions']",19:00,22:00,"['English', 'History', 'Geography']","['Math', 'Physics']","['Communication', 'Teamwork']","['Time management', 'Organization']",Improving consistently in English and History.,"{'English': 85, 'History': 88, 'Geography': 90, 'Math': 70, 'Physics': 65}","{'English': 90, 'History': 92, 'Geography': 95, 'Math': 75, 'Physics': 70}","Generally upbeat and optimistic, seeks support when needed.","['Praise', 'Encouragement']","Works well in teams, contributes actively and positively.","Excellent communication and interpersonal skills, enjoys collaborating with peers.",Rohan is a friendly and engaged student who is always willing to participate. He shows good teamwork skills and consistently improves his work.,I enjoy learning through collaboration and hands-on activities. I am always looking for ways to improve.,"['Captain of the school basketball team', 'Member of the school music band']","['Google Classroom', 'YouTube', 'Quizlet']",Medium,"['Supportive family', 'Access to internet and computer', 'English and Gujarati spoken at home']","Rohan started a school photography club, showcasing his creativity and leadership skills.",3,"The answers attempt personalization by using analogies to cars and games, but these don't directly connect to Rohan's listed interests (Music, Sports, Travel) or hobbies (Guitar, Basketball, Photography). The grade level is also mismatched, as Rohan is in class 11, not class 7-9 as suggested in one answer.",8,"The content covers the basics of the digestive system, plant reproduction, and acids/bases accurately. However, the simplified explanations might lack the depth expected for an 11th-grade student, and the car analogy is a bit overused."
Priya Reddy,14,9,ICSE,"['Art', 'Writing', 'Music']","['Creative', 'Thoughtful', 'Kind']","['Painting', 'Poetry', 'Singing']","['Visual', 'Auditory']","['Independent study', 'Discussions']",17:30,20:30,"['English', 'Art', 'History']","['Math', 'Science']","['Creativity', 'Communication']","['Test anxiety', 'Organization']",Shows consistent effort and improvement in English and Art.,"{'English': 88, 'Art': 95, 'History': 82, 'Math': 70, 'Science': 68}","{'English': 92, 'Art': 98, 'History': 85, 'Math': 75, 'Science': 72}","Sensitive and empathetic, expresses feelings openly.","['Praise', 'Encouragement']","Participates actively in group discussions, offers support to peers.","Good communication skills, builds positive relationships.",Priya is a talented and creative student who consistently demonstrates effort and a positive attitude. She actively participates in class and is always willing to help her classmates.,I enjoy expressing myself through art and writing. I believe in the power of collaboration and kindness.,"['Won second place in school art competition', 'Published a poem in the school literary magazine']","['Google Classroom', 'Canva', 'YouTube']",Medium,"['Supportive family', 'Access to internet and computer', 'English and Telugu spoken at home']","Priya created a series of illustrations for a children's book, showcasing her artistic talent and storytelling skills.",6,"The response uses Priya's name and mentions her interests and hobbies. It attempts to connect the explanation to her interests, but the connection is tenuous.",9,"The response accurately explains the human digestive system in simple terms, suitable for a 9th-grade student. It covers the key organs and their functions."
Ishaan Gupta,14,9,ICSE,"['Sports', 'Literature', 'Music']","['Friendly', 'Competitive', 'Creative']","['Basketball', 'Reading', 'Guitar']","['Kinesthetic', 'Auditory']","['Group work', 'Hands-on']",17:00,20:00,"['English', 'History', 'Physical Education']","['Math', 'Science']","['Teamwork', 'Communication']","['Test anxiety', 'Time management']",Showing steady improvement in English and History.,"{'English': 80, 'History': 85, 'Physical Education': 90, 'Math': 65, 'Science': 60}","{'English': 85, 'History': 90, 'Physical Education': 95, 'Math': 70, 'Science': 65}","Enthusiastic and energetic, sometimes struggles with setbacks but bounces back quickly.","['Praise', 'Competition']","Works collaboratively, actively participates and encourages teammates.","Excellent communication and interpersonal skills, easily makes friends.",Ishaan is a bright and enthusiastic student who consistently demonstrates effort and a positive attitude. He works well in groups and is always willing to help his classmates.,I enjoy learning through teamwork and hands-on activities. I am always looking for ways to improve and challenge myself.,"['Member of the school basketball team', 'Participated in the school drama club']","['Google Classroom', 'YouTube', 'Quizlet']",Medium,"['Supportive family', 'Access to internet and computer', 'English and Hindi spoken at home']","Ishaan wrote and directed a short play for the school's annual drama production, showcasing his creativity and leadership skills.",6,"The answer attempts to personalize by addressing Ishaan directly and relating the digestive system to his interest in sports and bikes. However, it doesn't leverage other aspects of his profile like his preference for group work or his struggles with science.",8,"The answer is relevant and generally accurate in its explanation of the human digestive system, covering the major organs and processes. However, it could be more detailed for a 9th-grade student following the ICSE syllabus."
Kavya Iyer,15,10,ICSE,"['Literature', 'Art', 'Music']","['Creative', 'Thoughtful', 'Introspective']","['Drawing', 'Writing', 'Singing']","['Visual', 'Auditory']","['Independent study', 'Reflection']",17:00,21:00,"['English', 'Art', 'History']","['Math', 'Science']","['Creativity', 'Writing']","['Test anxiety', 'Time management']","Shows consistent improvement in English and Art, needs support in Math and Science.","{'English': 85, 'Art': 92, 'History': 80, 'Math': 68, 'Science': 70}","{'English': 90, 'Art': 95, 'History': 85, 'Math': 72, 'Science': 75}","Sensitive and thoughtful, expresses feelings through art and writing.","['Encouragement', 'Intrinsic']","Participates in group discussions, prefers smaller group settings.","Good communication skills, builds positive relationships with close friends.",Kavya is a talented and creative student who consistently demonstrates effort and a positive attitude. She excels in creative subjects and needs additional support in Math and Science.,I enjoy expressing myself through art and writing. I am a thoughtful learner and prefer to work independently.,"['Won first place in school art competition', 'Published a short story in the school literary magazine']","['Google Classroom', 'Procreate', 'YouTube']",Medium,"['Supportive parents', 'Access to internet and computer', 'English and Tamil spoken at home']","Kavya designed and illustrated a children's book as a personal project, showcasing her artistic talent and storytelling skills.",6,"The answers include Kavya's name and attempt to relate concepts to art and creativity, aligning with her interests and strengths. However, the analogies are simplistic and don't fully leverage her introspective nature or writing abilities. There's a lack of depth to cater to her 10th-grade level.",8,"The answers cover the basics of the human digestive system, plant reproduction, acids and bases, and the respiratory system. While generally accurate, the explanations are somewhat superficial for a 10th-grade ICSE syllabus. More detailed information would be beneficial."
Vivaan Kumar,14,9,CBSE,"['Robotics', 'Chess', 'Literature']","['Analytical', 'Logical', 'Curious']","['Coding', 'Gaming', 'Reading']","['Visual', 'Auditory']","['Independent study', 'Practice']",17:00,20:00,"['Math', 'Science', 'English']","['History', 'Art']","['Problem-solving', 'Critical thinking']","['Time management', 'Test anxiety']","Consistent progress in Math and Science, needs improvement in History.","{'Math': 88, 'Science': 85, 'English': 82, 'History': 70, 'Art': 65}","{'Math': 92, 'Science': 90, 'English': 85, 'History': 75, 'Art': 70}","Focused and determined, seeks feedback to improve.","['Challenge', 'Achievement']","Works well independently, contributes when necessary.","Good communication skills, respectful of others.",Vivaan is a bright student who consistently demonstrates effort and initiative. He excels in problem-solving and critical thinking and needs to improve time management skills.,I enjoy challenges that allow me to apply my analytical skills. I am always looking for ways to improve my understanding.,"['Won second place in school chess tournament', 'Built a robot for a school science fair']","['Code.org', 'Khan Academy', 'Google Classroom']",High,"['Supportive parents', 'Access to internet and computer', 'English and Hindi spoken at home']","Vivaan designed and built a robot that can solve a Rubik's cube, demonstrating his passion for robotics and problem-solving.",5,"The answer attempts to address Vivaan directly and uses a conversational tone. It mentions his interests (gardening, plants, sports, coding) but doesn't deeply integrate them into the explanations. The mention of class level (7-9) is a weak attempt.",8,"The answers are generally accurate and address the questions adequately, although they could be more concise and avoid repetition. Explanations are generally clear and provide basic information about the topics."
Samar Ali,14,9,CBSE,"['Sports', 'Cooking', 'Music']","['Friendly', 'Energetic', 'Helpful']","['Basketball', 'Baking', 'Singing']","['Kinesthetic', 'Auditory']","['Hands-on', 'Group work']",17:30,20:30,"['Physical Education', 'Math', 'Science']","['English', 'History']","['Teamwork', 'Communication']","['Test anxiety', 'Organization']",Improving consistently in Math and Science.,"{'Math': 85, 'Science': 80, 'English': 70, 'History': 65, 'Physical Education': 92}","{'Math': 90, 'Science': 85, 'English': 75, 'History': 70, 'Physical Education': 95}","Generally enthusiastic and positive, seeks help when needed.","['Praise', 'Encouragement']","Cooperative and supportive, actively participates in group projects.","Strong communication and interpersonal skills, maintains positive relationships with peers and teachers.",Samar is a friendly and enthusiastic student who consistently demonstrates effort. He is a good team player and always willing to help others.,I enjoy learning through hands-on activities and teamwork. I am always looking for ways to improve.,"['Member of the school basketball team', 'Won a prize in school cooking competition']","['Google Classroom', 'YouTube', 'Quizlet']",Medium,"['Supportive family', 'Access to internet and computer', 'English and Urdu spoken at home']","Samar created a unique recipe for a school cooking competition, showcasing his creativity and culinary skills.",8,"The response uses a soccer analogy, which aligns with Samar's interest in sports. It also uses simple language suitable for a 9th-grade student. The approach of breaking down the system into smaller parts also caters to Samar's need for structured learning.",10,The explanation accurately describes the human digestive system and its components. The analogy is relevant and helps in understanding the process.
Aadhya Menon,14,9,CBSE,"['Art', 'Dance', 'Literature']","['Creative', 'Expressive', 'Empathetic']","['Painting', 'Bharatanatyam', 'Reading']","['Visual', 'Kinesthetic']","['Independent study', 'Discussions']",17:00,20:00,"['Art', 'English', 'History']","['Math', 'Science']","['Creativity', 'Communication']","['Test anxiety', 'Time management']",Shows consistent effort and improvement in Art and English.,"{'Art': 90, 'English': 85, 'History': 80, 'Math': 70, 'Science': 65}","{'Art': 95, 'English': 90, 'History': 85, 'Math': 75, 'Science': 70}","Sensitive and expressive, communicates feelings effectively.","['Praise', 'Encouragement']","Participates actively in group discussions, offers support to peers.","Good communication skills, builds positive relationships.",Aadhya is a talented and creative student who consistently demonstrates effort and a positive attitude. She excels in creative subjects and needs additional support in Math and Science.,I enjoy expressing myself through art and dance. I believe in the power of collaboration and kindness.,"['Won first place in school art competition', 'Participated in a regional dance festival']","['Google Classroom', 'Canva', 'YouTube']",Medium,"['Supportive family', 'Access to internet and computer', 'English and Malayalam spoken at home']","Aadhya designed and illustrated a children's book as a personal project, showcasing her artistic talent and storytelling skills.",7,"The response attempts to personalize the explanation by relating it to Aadhya's interests, such as sports and studying, and by using analogies relevant to her age. The use of 'Aadhya' at the start shows awareness of the student, but the connections to her specific profile details (art, dance, literature) could be stronger.",9,"The response accurately describes the function of the respiratory system. It effectively explains the process of oxygen intake and carbon dioxide removal, which aligns with the core concepts of the topic. The repetition of the explanation improves the chance of comprehension."
Devansh Desai,14,9,CBSE,"['Sports', 'Coding', 'Music']","['Friendly', 'Competitive', 'Curious']","['Basketball', 'Programming', 'Guitar']","['Kinesthetic', 'Auditory']","['Hands-on', 'Group work']",18:00,21:00,"['Math', 'Science', 'Physical Education']","['History', 'English']","['Teamwork', 'Problem-solving']","['Time management', 'Test anxiety']","Shows consistent improvement in Math and Science, needs support in English and History.","{'Math': 88, 'Science': 85, 'English': 72, 'History': 70, 'Physical Education': 90}","{'Math': 92, 'Science': 90, 'English': 78, 'History': 75, 'Physical Education': 95}","Enthusiastic and energetic, sometimes gets frustrated but perseveres.","['Challenge', 'Recognition']","Works well in teams, contributes ideas and actively participates.","Good communication and interpersonal skills, easily builds relationships.",Devansh is a bright and enthusiastic student who consistently demonstrates effort. He is a good team player and always willing to help others. Needs to improve his time management and focus on English.,I enjoy learning through hands-on activities and teamwork. I am always looking for ways to improve and challenge myself.,"['Member of the school basketball team', 'Won a prize in a school coding competition']","['Code.org', 'Khan Academy', 'Google Classroom']",High,"['Supportive parents', 'Access to internet and computer', 'English and Gujarati spoken at home']","Devansh developed a mobile app for tracking his basketball team's statistics, demonstrating his passion for coding and sports.",7,"The response uses Devansh's interest in sports and coding, framing plant reproduction with a basketball team analogy. It also acknowledges his 'unique combination of sports skills and musical talent', directly referencing his hobbies and interests from the profile.",9,"The answer accurately describes plant reproduction, highlighting the roles of pollen and flowers. It's directly relevant to a standard science curriculum. However, it simplifies the concept slightly, so it's not a perfect 10."
Vihaan Jain,15,10,CBSE,"['Sports', 'Coding', 'Writing']","['Friendly', 'Competitive', 'Creative']","['Basketball', 'Programming', 'Poetry']","['Kinesthetic', 'Visual']","['Hands-on', 'Independent study']",17:30,20:30,"['Math', 'Science', 'English']","['History', 'Art']","['Problem-solving', 'Teamwork']","['Test anxiety', 'Time management']","Steady improvement in Math and Science, needs improvement in History.","{'Math': 85, 'Science': 88, 'English': 82, 'History': 70, 'Art': 65}","{'Math': 90, 'Science': 92, 'English': 85, 'History': 75, 'Art': 70}","Enthusiastic and determined, seeks feedback to improve.","['Challenge', 'Recognition']","Works well in teams, contributes ideas and actively participates.","Good communication and interpersonal skills, easily builds relationships.",Vihaan is a bright and enthusiastic student who consistently demonstrates effort. He is a good team player and always willing to help others. Needs to improve his time management and focus on History.,I enjoy learning through hands-on activities and teamwork. I am always looking for ways to improve and challenge myself.,"['Member of the school basketball team', 'Won a prize in a school coding competition']","['Code.org', 'Khan Academy', 'Google Classroom']",High,"['Supportive parents', 'Access to internet and computer', 'English and Hindi spoken at home']","Vihaan developed a mobile app for tracking his basketball team's statistics, demonstrating his passion for coding and sports.",7,"The answer attempts to relate the digestive system to Vihaan's interests by comparing it to a 'kitchen process' and his backpack, which are relevant but could be more deeply integrated with his stated interests in sports, coding, or writing. It directly addresses him by name and checks for understanding.",9,The explanation is accurate and covers the main functions of the digestive system at an appropriate level of detail for a 10th-grade student. It clearly explains the roles of different organs involved. A slightly more detailed explanation of the chemical processes could improve it.
Rajesh Kumar,14,9,CBSE,"['Sports', 'Cooking', 'Gaming']","['Friendly', 'Energetic', 'Competitive']","['Cricket', 'Baking', 'VideoGames']","['Kinesthetic', 'Auditory']","['Hands-on', 'Group work']",17:30,21:00,"['Math', 'Science', 'Physical Education']","['English', 'History']","['Teamwork', 'Problem-solving']","['Test anxiety', 'Organization']","Shows consistent improvement in Math and Science, needs support in English and History.","{'Math': 82, 'Science': 85, 'English': 68, 'History': 70, 'Physical Education': 90}","{'Math': 88, 'Science': 90, 'English': 72, 'History': 75, 'Physical Education': 95}","Generally enthusiastic and positive, seeks help when needed.","['Praise', 'Competition']","Cooperative and supportive, actively participates in group projects.","Strong communication and interpersonal skills, maintains positive relationships with peers and teachers.",Rajesh is a friendly and enthusiastic student who consistently demonstrates effort. He is a good team player and always willing to help others.,I enjoy learning through hands-on activities and teamwork. I am always looking for ways to improve.,"['Member of the school cricket team', 'Won a prize in school baking competition']","['Google Classroom', 'YouTube', 'Quizlet']",Medium,"['Supportive family', 'Access to internet and computer', 'English and Hindi spoken at home']","Rajesh created a unique recipe for a school baking competition, showcasing his creativity and culinary skills.",2,The response starts by addressing Rajesh but doesn't significantly tailor the explanation to his interests or learning style as detailed in the profile. The reference to sports in the plant reproduction question is superficial.,9,"The answers are generally accurate and relevant to the questions asked, addressing topics appropriate for a 9th-grade student. Minor deductions for not always being comprehensive."
Sai Krishna,15,10,CBSE,"['Sports', 'Literature', 'Coding']","['Friendly', 'Competitive', 'Curious']","['Cricket', 'Reading', 'Programming']","['Kinesthetic', 'Visual']","['Hands-on', 'Independent study']",18:00,21:30,"['Math', 'Science', 'English']","['History', 'Art']","['Problem-solving', 'Teamwork']","['Test anxiety', 'Time management']","Steady improvement in Math and Science, needs improvement in History.","{'Math': 88, 'Science': 90, 'English': 85, 'History': 72, 'Art': 68}","{'Math': 92, 'Science': 95, 'English': 90, 'History': 78, 'Art': 75}","Generally enthusiastic and determined, seeks feedback to improve.","['Challenge', 'Recognition']","Works well in teams, contributes ideas and actively participates.","Good communication and interpersonal skills, easily builds relationships.",Sai is a bright and enthusiastic student who consistently demonstrates effort and initiative. He excels in problem-solving and critical thinking and needs to improve time management skills.,I enjoy challenges that allow me to apply my analytical skills. I am always looking for ways to improve my understanding.,"['Member of the school cricket team', 'Won a prize in a school coding competition']","['Code.org', 'Khan Academy', 'Google Classroom']",High,"['Supportive parents', 'Access to internet and computer', 'English and Telugu spoken at home']","Sai developed a mobile app for tracking his cricket team's statistics, demonstrating his passion for coding and sports.",7,"The response directly addresses Sai Krishna by name and attempts to relate the digestive system to his interest in sports and cars, aligning with his profile's details. The analogy to a car's fuel system leverages his interests.",9,"The explanation is accurate and covers the main functions of the human digestive system in a simplified manner, suitable for a 10th-grade student. It adequately addresses the question's topic."
Ethan Thomas,14,9,ICSE,"['Sports', 'Photography', 'Coding']","['Friendly', 'Energetic', 'Creative']","['Basketball', 'Nature walks', 'Video games']","['Kinesthetic', 'Visual']","['Hands-on', 'Independent study']",17:00,20:30,"['Math', 'Science', 'Physical Education']","['History', 'English']","['Problem-solving', 'Teamwork']","['Test anxiety', 'Organization']","Improving steadily in Math and Science, needs support in English and History.","{'Math': 80, 'Science': 78, 'English': 65, 'History': 68, 'Physical Education': 88}","{'Math': 85, 'Science': 82, 'English': 70, 'History': 72, 'Physical Education': 92}","Enthusiastic and competitive, seeks feedback to improve.","['Challenge', 'Recognition']","Works well in teams, contributes actively and positively.","Good communication and interpersonal skills, enjoys collaborating with peers.",Ethan is a friendly and engaged student who consistently demonstrates effort. He is a good team player and always willing to help others. Needs to focus more on English and History.,I enjoy learning through hands-on activities and teamwork. I am always looking for ways to improve.,"['Member of the school basketball team', 'Won a photography contest']","['Google Classroom', 'YouTube', 'Scratch']",Medium,"['Supportive parents', 'Access to internet and computer', 'English and Tamil spoken at home']","Ethan created a website for his school's basketball team, showcasing his coding and organizational skills.",8,"The explanation uses simple language and relates the human digestive system to Ethan's interest in soccer, making it engaging. The analogy of a soccer team helps Ethan understand the complex process of the digestive system.",9,"The answer accurately describes the human digestive system and its functions. It is relevant to a 9th-grade science curriculum, but could be more detailed."
Zara Khan,14,9,ICSE,"['Art', 'Dance', 'Music']","['Creative', 'Expressive', 'Energetic']","['Painting', 'Ballet', 'Singing']","['Visual', 'Kinesthetic']","['Independent study', 'Practice']",17:00,20:00,"['Art', 'English', 'History']","['Math', 'Science']","['Creativity', 'Performance']","['Test anxiety', 'Time management']",Shows consistent effort and improvement in Art and English.,"{'Art': 92, 'English': 85, 'History': 80, 'Math': 70, 'Science': 68}","{'Art': 95, 'English': 90, 'History': 85, 'Math': 75, 'Science': 72}","Expressive and enthusiastic, sometimes struggles with self-doubt but perseveres.","['Praise', 'Encouragement']","Participates actively in group discussions, offers support to peers.","Good communication skills, builds positive relationships.",Zara is a talented and creative student who consistently demonstrates effort and a positive attitude. She excels in creative subjects and needs additional support in Math and Science.,I enjoy expressing myself through art and dance. I am a determined learner and enjoy working independently.,"['Won first place in school dance competition', 'Participated in a regional art exhibition']","['Google Classroom', 'Procreate', 'YouTube']",Medium,"['Supportive family', 'Access to internet and computer', 'English and Urdu spoken at home']","Zara designed and created costumes for a school play, showcasing her artistic talent and creativity.",7,"The answer attempts to connect the digestive system to Zara's interest in art by using an analogy related to painting. It also acknowledges her experience with anatomy and art. However, it could be more deeply personalized by, for example, referencing specific art styles or artists that Zara enjoys.",9,"The explanation is accurate and covers the basic functions of the digestive system, including the roles of the mouth, esophagus, stomach, and intestines. It's well-organized and easy to understand."
Meera Reddy,16,11,ICSE,"['Art', 'Music', 'Literature']","['Creative', 'Expressive', 'Thoughtful']","['Painting', 'Singing', 'Writing']","['Visual', 'Auditory']","['Independent study', 'Reflection']",17:00,21:00,"['English', 'Art', 'History']","['Math', 'Physics']","['Creativity', 'Communication']","['Test anxiety', 'Time management']",Shows consistent effort and improvement in English and Art.,"{'English': 88, 'Art': 95, 'History': 82, 'Math': 70, 'Physics': 68}","{'English': 92, 'Art': 98, 'History': 85, 'Math': 75, 'Physics': 72}","Sensitive and empathetic, expresses feelings openly.","['Praise', 'Encouragement']","Participates actively in group discussions, offers support to peers.","Good communication skills, builds positive relationships.",Meera is a talented and creative student who consistently demonstrates effort and a positive attitude. She actively participates in class and is always willing to help her classmates.,I enjoy expressing myself through art and writing. I believe in the power of collaboration and kindness.,"['Won first place in school art competition', 'Published a poem in the school literary magazine']","['Google Classroom', 'Canva', 'YouTube']",Medium,"['Supportive family', 'Access to internet and computer', 'English and Telugu spoken at home']","Meera created a series of illustrations for a children's book, showcasing her artistic talent and storytelling skills.",8,"The response attempts to personalize by relating the respiratory system to Meera's interest in art and music through the flute/orchestra analogy. It also acknowledges her stated need for clarification. However, the language is a bit too simplistic for an 11th grader.",9,"The cleaned answer accurately describes the function of the respiratory system in humans, including the key processes of oxygen intake and carbon dioxide expulsion. It is mostly complete and accurate."
Riya Singh,14,9,CBSE,"['Art', 'Dance', 'Music']","['Creative', 'Expressive', 'Energetic']","['Painting', 'Contemporary', 'Singing']","['Visual', 'Kinesthetic']","['Independent study', 'Practice']",16:30,20:00,"['Art', 'English', 'History']","['Math', 'Science']","['Creativity', 'Performance']","['Test anxiety', 'Time management']",Shows consistent effort and improvement in Art and English.,"{'Art': 90, 'English': 82, 'History': 78, 'Math': 65, 'Science': 68}","{'Art': 95, 'English': 88, 'History': 82, 'Math': 70, 'Science': 72}","Expressive and enthusiastic, sometimes struggles with self-doubt but perseveres.","['Praise', 'Encouragement']","Participates actively in group discussions, offers support to peers.","Good communication skills, builds positive relationships.",Riya is a talented and creative student who consistently demonstrates effort and a positive attitude. She excels in creative subjects and needs additional support in Math and Science.,I enjoy expressing myself through art and dance. I am a determined learner and enjoy working independently.,"['Won second place in school art competition', 'Participated in a regional dance festival']","['Google Classroom', 'Procreate', 'YouTube']",Medium,"['Supportive family', 'Access to internet and computer', 'English and Hindi spoken at home']","Riya designed and created costumes for a school play, showcasing her artistic talent and creativity.",6,"The response attempts to personalize by using analogies related to the student's interests (art, copying artwork). However, the connection is superficial and doesn't deeply integrate her specific creative activities or learning style. The constant address by name may be a bit too repetitive.",9,The response accurately explains reproduction in plants. It's appropriate for a 9th-grade student's syllabus. No significant issues detected.
Lakshmi Iyer,13,8,CBSE,"['Art', 'Dance', 'Cooking']","['Creative', 'Expressive', 'Friendly']","['Painting', 'Bharatanatyam', 'Baking']","['Visual', 'Kinesthetic']","['Independent study', 'Practice']",16:30,19:30,"['Art', 'Hindi', 'English']","['Math', 'Science']","['Creativity', 'Communication']","['Test anxiety', 'Organization']","Shows consistent effort and improvement in Art and English, needs support in Math and Science.","{'Art': 90, 'English': 85, 'Hindi': 88, 'Math': 65, 'Science': 68}","{'Art': 95, 'English': 90, 'Hindi': 92, 'Math': 70, 'Science': 72}","Sensitive and expressive, communicates feelings effectively.","['Praise', 'Encouragement']","Participates actively in group discussions, offers support to peers.","Good communication skills, builds positive relationships.",Lakshmi is a talented and creative student who consistently demonstrates effort and a positive attitude. She excels in creative subjects and needs additional support in Math and Science.,I enjoy expressing myself through art and dance. I believe in the power of collaboration and kindness.,"['Won first place in school art competition', 'Participated in a local dance festival']","['Google Classroom', 'Canva', 'YouTube']",Medium,"['Supportive family', 'Access to internet and computer', 'English and Tamil spoken at home']","Lakshmi created a series of illustrations for a children's storybook, showcasing her artistic talent and storytelling skills.",8,"The answers are personalized to Lakshmi by addressing her directly and incorporating analogies related to cooking and art, which align with her interests. The explanations also use simple language appropriate for her grade level. However, it could be improved by explicitly referencing her accomplishments or preferred subjects.",9,"The answers are highly relevant and accurate, providing correct explanations of the digestive system, plant reproduction, acids and bases, and the respiratory system. The analogies used are helpful for understanding the concepts, although the acid/base explanation could be more rigorous."
Aarav Gupta,15,10,ICSE,"['Sports', 'Coding', 'Debate']","['Friendly', 'Competitive', 'Analytical']","['Basketball', 'Programming', 'Chess']","['Kinesthetic', 'Visual']","['Hands-on', 'Independent study']",17:30,21:00,"['Math', 'Science', 'Physical Education']","['History', 'English']","['Problem-solving', 'Teamwork']","['Test anxiety', 'Time management']","Shows consistent improvement in Math and Science, needs support in English and History.","{'Math': 90, 'Science': 85, 'English': 75, 'History': 70, 'Physical Education': 92}","{'Math': 95, 'Science': 90, 'English': 80, 'History': 75, 'Physical Education': 95}","Enthusiastic and determined, seeks feedback to improve.","['Challenge', 'Recognition']","Works well in teams, contributes ideas and actively participates.","Good communication and interpersonal skills, easily builds relationships.",Aarav is a bright and enthusiastic student who consistently demonstrates effort. He is a good team player and always willing to help others. Needs to improve his time management and focus on English.,I enjoy learning through hands-on activities and teamwork. I am always looking for ways to improve and challenge myself.,"['Member of the school basketball team', 'Won a prize in a school coding competition']","['Code.org', 'Khan Academy', 'Google Classroom']",High,"['Supportive parents', 'Access to internet and computer', 'English and Hindi spoken at home']","Aarav developed a mobile app for tracking his basketball team's statistics, demonstrating his passion for coding and sports.",7,"The answer attempts to relate the digestive system to Aarav's interest in coding and app development by drawing parallels between breaking down complex information in apps and the digestive process. It also mentions teamwork, one of Aarav's strengths. However, it could be more deeply integrated with his other interests like sports or his learning style.",10,"The answer accurately and completely explains the human digestive system, its processes, and its importance. It breaks down the complex process into understandable parts."
Sia Reddy,15,10,ICSE,"['Art', 'Dance', 'Writing']","['Creative', 'Expressive', 'Thoughtful']","['Painting', 'ModernDance', 'Journaling']","['Visual', 'Kinesthetic']","['Independent study', 'Reflection']",16:00,20:00,"['Art', 'English', 'History']","['Math', 'Science']","['Creativity', 'Communication']","['Test anxiety', 'Organization']","Shows consistent effort and improvement in Art and English, needs support in Math and Science.","{'Art': 92, 'English': 88, 'History': 85, 'Math': 70, 'Science': 72}","{'Art': 95, 'English': 92, 'History': 88, 'Math': 75, 'Science': 78}","Sensitive and expressive, communicates feelings effectively.","['Praise', 'Encouragement']","Participates actively in group discussions, offers support to peers.","Good communication skills, builds positive relationships.",Sia is a talented and creative student who consistently demonstrates effort and a positive attitude. She excels in creative subjects and needs additional support in Math and Science.,I enjoy expressing myself through art and dance. I believe in the power of collaboration and kindness.,"['Won first place in school art competition', 'Published a short story in the school literary magazine']","['Google Classroom', 'Canva', 'YouTube']",Medium,"['Supportive family', 'Access to internet and computer', 'English and Telugu spoken at home']","Sia illustrated a children's book for a local library, showcasing her artistic talent and storytelling skills.",4,"The response attempts to connect the digestive system to Sia's interests by using the analogy of 'body as a temple,' potentially linking to her interest in art (temple aesthetics). However, the link is weak, and the explanation doesn't deeply leverage her creative or expressive personality. The response also acknowledges her visual learning style, but doesn't actively incorporate visual aids.",8,"The explanation of the human digestive system is generally accurate and covers the main organs and processes. However, it could be more detailed and provide a more in-depth understanding of nutrient absorption and waste elimination."
Shreya Reddy,17,12,IB,"['Literature', 'Art', 'Philosophy']","['Creative', 'Introspective', 'Thoughtful']","['Painting', 'Writing', 'Reading']","['Visual', 'Auditory']","['Independent study', 'Reflection']",16:00,22:00,"['English', 'History', 'Art']","['Math', 'Physics']","['Creativity', 'Writing']","['Test anxiety', 'Time management']","Shows consistent effort and improvement in English and Art, needs support in Math and Science.","{'English': 90, 'Art': 95, 'History': 88, 'Math': 72, 'Physics': 68}","{'English': 95, 'Art': 98, 'History': 92, 'Math': 78, 'Physics': 75}","Sensitive and introspective, expresses feelings through art and writing.","['Intrinsic', 'Encouragement']","Participates in group discussions, prefers smaller group settings.","Good communication skills, builds positive relationships with close friends.",Shreya is a talented and creative student who consistently demonstrates effort and a positive attitude. She excels in creative subjects and needs additional support in Math and Science.,I enjoy expressing myself through art and writing. I am a thoughtful learner and prefer to work independently.,"['Won first prize in school art competition', 'Published a short story in the school literary magazine']","['Google Classroom', 'Procreate', 'Grammarly']",Medium,"['Supportive parents', 'Access to internet and computer', 'English and Telugu spoken at home']","Shreya designed and illustrated a children's book as a personal project, showcasing her artistic talent and storytelling skills.",7,The response attempts to relate plant reproduction to Shreya's interests in art by using the analogy of painting. It also incorporates her learning style preference for hands-on activities by suggesting planting seeds.,9,"The answer accurately explains plant reproduction using seeds and suggests a hands-on activity to reinforce the concept. It is slightly simplistic, but appropriate for grades 7-10."
Samhita Reddy,15,10,ICSE,"['Literature', 'Art', 'Music']","['Creative', 'Introspective', 'Kind']","['Drawing', 'Singing', 'Writing']","['Visual', 'Auditory']","['Independent study', 'Reflection']",17:00,20:30,"['English', 'Art', 'History']","['Math', 'Science']","['Creativity', 'Writing']","['Test anxiety', 'Public speaking']","Shows consistent effort and improvement in English and Art, needs support in Math and Science.","{'English': 88, 'Art': 92, 'History': 85, 'Math': 70, 'Science': 72}","{'English': 92, 'Art': 96, 'History': 88, 'Math': 75, 'Science': 78}","Sensitive and thoughtful, expresses feelings through art and writing.","['Praise', 'Intrinsic']","Participates in group discussions, prefers smaller group settings.","Good communication skills, builds positive relationships with close friends.",Samhita is a talented and creative student who consistently demonstrates effort and a positive attitude. She excels in creative subjects and needs additional support in Math and Science.,I enjoy expressing myself through art and writing. I am a thoughtful learner and prefer to work independently.,"['Won third place in school art competition', 'Published a poem in the school literary magazine']","['Google Classroom', 'Canva', 'YouTube']",Medium,"['Supportive family', 'Access to internet and computer', 'English and Telugu spoken at home']","Samhita designed and illustrated a children's book as a personal project, showcasing her artistic talent and storytelling skills.",2,The first answer mentions Samhita's interests but doesn't effectively integrate them into the explanation of the digestive system. The subsequent questions similarly fail to link the scientific concepts to her profile.,7,"The answers are generally factually correct and address the questions asked, but the first two answers are incomplete and contain substantial conversational filler. The level of explanation is appropriate for a 10th-grade student, but needs to include more detail in the first two answers."
Neil Kumar,16,11,ICSE,"['Robotics', 'Chess', 'Writing']","['Analytical', 'Logical', 'Creative']","['Coding', 'Gaming', 'Poetry']","['Visual', 'Auditory']","['Independent study', 'Practice']",17:30,21:00,"['Math', 'Computer Science', 'English']","['History', 'Art']","['Problem-solving', 'Critical thinking']","['Test anxiety', 'Time management']","Consistent progress in Math and Computer Science, needs improvement in History.","{'Math': 90, 'Computer Science': 88, 'English': 85, 'History': 72, 'Art': 68}","{'Math': 95, 'Computer Science': 92, 'English': 90, 'History': 78, 'Art': 72}","Focused and determined, seeks feedback to improve.","['Challenge', 'Achievement']","Works well independently, contributes when necessary.","Good communication skills, respectful of others.",Neil is a bright student who consistently demonstrates effort and initiative. He excels in problem-solving and critical thinking and needs to improve time management skills.,I enjoy challenges that allow me to apply my analytical skills. I am always looking for ways to improve my understanding.,"['Won first place in school chess tournament', 'Developed a game app for a school project']","['Code.org', 'Khan Academy', 'Google Classroom']",High,"['Supportive parents', 'Access to internet and computer', 'English and Hindi spoken at home']","Neil designed and built a robot that can play chess, demonstrating his passion for robotics and problem-solving.",6,"The response addresses Neil directly and attempts to relate the digestive system to everyday concepts, which aligns with his need for concrete examples. However, it doesn't leverage his specific interests (Robotics, Chess, Writing) or strengths (Problem-solving, Critical thinking) for deeper personalization.",9,"The answer accurately explains the human digestive system, covering the key organs and processes involved. It simplifies the explanation, making it accessible for the student. The process timeline is also useful. Scope is appropriate for the student's level."
Dhruv Mehta,14,9,CBSE,"['Sports', 'Art', 'Music']","['Friendly', 'Creative', 'Energetic']","['Basketball', 'Painting', 'Guitar']","['Kinesthetic', 'Visual']","['Hands-on', 'Group work']",17:00,20:00,"['Math', 'Science', 'Art']","['History', 'English']","['Teamwork', 'Creativity']","['Test anxiety', 'Organization']","Improving steadily in Math and Science, needs support in English and History.","{'Math': 80, 'Science': 78, 'English': 65, 'History': 70, 'Art': 88}","{'Math': 85, 'Science': 82, 'English': 70, 'History': 75, 'Art': 92}","Enthusiastic and energetic, sometimes gets frustrated but perseveres.","['Praise', 'Competition']","Works well in teams, contributes ideas and actively participates.","Good communication and interpersonal skills, easily builds relationships.",Dhruv is a bright and enthusiastic student who consistently demonstrates effort. He is a good team player and always willing to help others. Needs to improve his focus on English and History.,I enjoy learning through hands-on activities and teamwork. I am always looking for ways to improve and challenge myself.,"['Member of the school basketball team', 'Won a prize in school art competition']","['Google Classroom', 'YouTube', 'Canva']",Medium,"['Supportive family', 'Access to internet and computer', 'English and Hindi spoken at home']","Dhruv designed and painted a mural for the school hallway, showcasing his artistic talent and creativity.",6,"The responses attempt to personalize by addressing Dhruv by name and relating concepts to analogies (cars, sharing toys). However, they don't leverage his specific interests in sports, art, or music beyond superficial analogies. The language is appropriate for his grade level, but could be more tailored to his kinesthetic and visual learning styles.",8,"The answers generally address the questions accurately and are on-topic. However, the digestive system and respiratory system explanations are oversimplified and lack detail expected for a 9th-grade CBSE student. The acid/base explanation is more comprehensive but contains some repeated content due to artifacts."
Sameer Khan,15,10,ICSE,"['Photography', 'Hiking', 'Coding']","['Creative', 'Curious', 'Introspective']","['NaturePhotography', 'Backpacking', 'Programming']","['Visual', 'Kinesthetic']","['Independent study', 'Hands-on']",17:00,21:00,"['Math', 'ComputerScience', 'Art']","['History', 'Physics']","['Problem-solving', 'Creativity']","['Test anxiety', 'Time management']","Shows consistent improvement in Math and Computer Science, needs support in History.","{'Math': 88, 'ComputerScience': 90, 'English': 82, 'History': 70, 'Art': 85}","{'Math': 92, 'ComputerScience': 95, 'English': 88, 'History': 75, 'Art': 90}","Focused and determined, seeks feedback to improve.","['Challenge', 'Achievement']","Works well independently, but also contributes positively in group projects.","Good communication skills, respectful of others.",Sameer is a bright student who consistently demonstrates effort and initiative. He excels in problem-solving and critical thinking and needs to improve time management skills.,I enjoy challenges that allow me to apply my analytical skills. I am always looking for ways to improve my understanding.,"['Won second place in school photography competition', 'Developed a website for a school project']","['Code.org', 'AdobePhotoshop', 'Google Classroom']",High,"['Supportive parents', 'Access to internet and computer', 'English and Urdu spoken at home']","Sameer created a time-lapse video of a mountain range for a school project, demonstrating his passion for photography and nature.",7,"The first answer attempts to relate the digestive system to Sameer's general interest in sports using a soccer analogy. It acknowledges his age and class level by attempting to simplify the explanation. While basic, the analogy tries to connect with his interests.",8,"The answer accurately describes the basic functions of the digestive system, though it simplifies the process considerably. It is on-topic and provides a generally correct, albeit high-level, overview suitable for a 10th-grade student."
Aarav Sharma,15,10,ICSE,"['Robotics', 'Photography', 'Literature']","['Curious', 'Creative', 'Analytical']","['Coding', 'Nature walks', 'Reading']","['Visual', 'Kinesthetic']","['Independent study', 'Hands-on']",17:00,20:30,"['Math', 'Science', 'English']","['History', 'Art']","['Problem-solving', 'Critical thinking']","['Test anxiety', 'Time management']","Consistent progress in Math and Science, needs improvement in History.","{'Math': 88, 'Science': 85, 'English': 82, 'History': 70, 'Art': 65}","{'Math': 92, 'Science': 90, 'English': 85, 'History': 75, 'Art': 70}","Focused and determined, seeks feedback to improve.","['Challenge', 'Achievement']","Works well independently, contributes when necessary.","Good communication skills, respectful of others.",Aarav is a bright student who consistently demonstrates effort and initiative. He excels in problem-solving and critical thinking and needs to improve time management skills.,I enjoy challenges that allow me to apply my analytical skills. I am always looking for ways to improve my understanding.,"['Won second place in school science fair', 'Built a robot for a school project']","['Code.org', 'Khan Academy', 'Google Classroom']",High,"['Supportive parents', 'Access to internet and computer', 'English and Hindi spoken at home']","Aarav designed and built a robot that can solve a Rubik's cube, demonstrating his passion for robotics and problem-solving.",6,"The first answer uses a cooking analogy, which does not directly align with Aarav's stated interests but attempts to simplify the concept. The second answer references video games which does not align to the student profile. The third answer attempts to relate acids to cleaning computers and bases to building blocks, partially aligning with his interests in coding and robotics. The final answer leverages that he understands systems to get him to explain the human respiratory system which is a good way to challenge him.",8,All answers cover the requested topics accurately and provide appropriate explanations for a 10th-grade student. The third answer is somewhat weak because the examples are not necessarily the best examples of acids and bases. The pH comment is noise and was edited out.
Maya Iyer,16,11,IB,"['Literature', 'Art', 'Philosophy']","['Creative', 'Introspective', 'Thoughtful']","['Drawing', 'Writing', 'Reading']","['Visual', 'Auditory']","['Independent study', 'Reflection']",16:30,21:30,"['English', 'History', 'Art']","['Math', 'Physics']","['Creativity', 'Writing']","['Test anxiety', 'Time management']","Shows consistent effort and improvement in English and Art, needs support in Math and Physics.","{'English': 88, 'Art': 92, 'History': 85, 'Math': 70, 'Physics': 68}","{'English': 92, 'Art': 96, 'History': 88, 'Math': 75, 'Physics': 72}","Sensitive and thoughtful, expresses feelings through art and writing.","['Intrinsic', 'Encouragement']","Participates in group discussions, prefers smaller group settings.","Good communication skills, builds positive relationships with close friends.",Maya is a talented and creative student who consistently demonstrates effort and a positive attitude. She excels in creative subjects and needs additional support in Math and Physics.,I enjoy expressing myself through art and writing. I am a thoughtful learner and prefer to work independently.,"['Won second place in school art competition', 'Published a short story in the school literary magazine']","['Google Classroom', 'Procreate', 'Grammarly']",Medium,"['Supportive parents', 'Access to internet and computer', 'English and Tamil spoken at home']","Maya designed and illustrated a children's book as a personal project, showcasing her artistic talent and storytelling skills.",7,"The response mentions Maya by name and uses analogies related to her interests (cooking for digestion, baking soda for acids/bases, and music for respiration). However, it's a bit simplistic for an 11th grader and doesn't leverage her introspective nature or writing skills.",8,"The answers generally address the questions accurately and are appropriate for a high school student, although the first answer could be more detailed. It could be improved by adding more specifics about the chemical processes involved."
Rahul Kumar,14,9,CBSE,"['Sports', 'Music', 'Cooking']","['Friendly', 'Energetic', 'Helpful']","['Basketball', 'Singing', 'Baking']","['Kinesthetic', 'Auditory']","['Hands-on', 'Group work']",17:00,20:00,"['Math', 'Science', 'Physical Education']","['History', 'English']","['Teamwork', 'Communication']","['Test anxiety', 'Organization']",Improving consistently in Math and Science.,"{'Math': 80, 'Science': 75, 'English': 65, 'History': 70, 'Physical Education': 90}","{'Math': 85, 'Science': 80, 'English': 70, 'History': 75, 'Physical Education': 95}","Generally enthusiastic and positive, seeks help when needed.","['Praise', 'Encouragement']","Cooperative and supportive, actively participates in group projects.","Strong communication and interpersonal skills, maintains positive relationships with peers and teachers.",Rahul is a friendly and enthusiastic student who consistently demonstrates effort. He is a good team player and always willing to help others.,I enjoy learning through hands-on activities and teamwork. I am always looking for ways to improve.,"['Member of the school basketball team', 'Won a prize in school baking competition']","['Google Classroom', 'YouTube', 'Quizlet']",Medium,"['Supportive family', 'Access to internet and computer', 'English and Hindi spoken at home']","Rahul created a unique recipe for a school cooking competition, showcasing his creativity and culinary skills.",7,"The response attempts personalization by relating the digestive system to Rahul's interests in technology (computers). However, the connection could be stronger and more integrated with other stated interests like sports or cooking.",8,"The explanation is generally accurate and appropriate for a 9th-grade student (CBSE syllabus). It simplifies the concept using an analogy which helps understanding, but lacks the depth a more detailed scientific explanation would provide."
Aditya Kumar,14,9,CBSE,"['Sports', 'Music', 'Coding']","['Friendly', 'Energetic', 'Curious']","['Cricket', 'Guitar', 'Gaming']","['Kinesthetic', 'Auditory']","['Hands-on', 'Group work']",17:30,20:30,"['Math', 'Science', 'Physical Education']","['History', 'English']","['Teamwork', 'Problem-solving']","['Test anxiety', 'Time management']",Improving consistently in Math and Science.,"{'Math': 85, 'Science': 80, 'English': 70, 'History': 65, 'Physical Education': 92}","{'Math': 90, 'Science': 85, 'English': 75, 'History': 70, 'Physical Education': 95}","Generally enthusiastic and positive, seeks help when needed.","['Praise', 'Encouragement']","Cooperative and supportive, actively participates in group projects.","Strong communication and interpersonal skills, maintains positive relationships with peers and teachers.",Aditya is a friendly and enthusiastic student who consistently demonstrates effort. He is a good team player and always willing to help others.,I enjoy learning through hands-on activities and teamwork. I am always looking for ways to improve.,"['Member of the school cricket team', 'Won a prize in a school music competition']","['Google Classroom', 'YouTube', 'Code.org']",Medium,"['Supportive family', 'Access to internet and computer', 'English and Hindi spoken at home']","Aditya created a unique melody for a school music competition, showcasing his musical talent and creativity.",8,"The response attempts personalization by addressing the student by name and linking scientific concepts to familiar activities like creating a game level and sports, aligning with his interests and preferred subjects. It leverages his age and grade level by providing simplified explanations.",9,The explanation of acids and bases is accurate and relevant to a 9th-grade science curriculum. The use of everyday examples like soda and baking soda helps to make the concepts more accessible. It may be expanded further.
Priyanshu Kumar,14,9,CBSE,"['Sports', 'Music', 'Coding']","['Friendly', 'Energetic', 'Curious']","['Basketball', 'Singing', 'Gaming']","['Kinesthetic', 'Auditory']","['Hands-on', 'Group work']",17:30,20:30,"['Math', 'Science', 'Physical Education']","['History', 'English']","['Teamwork', 'Problem-solving']","['Test anxiety', 'Organization']",Improving consistently in Math and Science.,"{'Math': 85, 'Science': 80, 'English': 70, 'History': 65, 'Physical Education': 92}","{'Math': 90, 'Science': 85, 'English': 75, 'History': 70, 'Physical Education': 95}","Generally enthusiastic and positive, seeks help when needed.","['Praise', 'Encouragement']","Cooperative and supportive, actively participates in group projects.","Strong communication and interpersonal skills, maintains positive relationships with peers and teachers.",Priyanshu is a friendly and enthusiastic student who consistently demonstrates effort. He is a good team player and always willing to help others.,I enjoy learning through hands-on activities and teamwork. I am always looking for ways to improve.,"['Member of the school basketball team', 'Won a prize in school singing competition']","['Google Classroom', 'YouTube', 'Code.org']",Medium,"['Supportive family', 'Access to internet and computer', 'English and Hindi spoken at home']","Priyanshu created a unique song for a school music competition, showcasing his musical talent and creativity.",7,"The answer attempts to relate digestion to Priyanshu's interests by using the analogy of a ""procession of vehicles moving along a road"". This caters to his kinesthetic learning style by providing a dynamic comparison. The friendly tone also aligns with his personality.",9,"The explanation is accurate and relevant to the human digestive system, covering the main organs and their functions in a simplified way. The analogy, while somewhat stretched, aids in understanding the process."
Aryan Singh,14,9,CBSE,"['Sports', 'Music', 'Art']","['Friendly', 'Energetic', 'Creative']","['Basketball', 'Singing', 'Drawing']","['Kinesthetic', 'Auditory', 'Visual']","['Hands-on', 'Group work', 'Discussions']",17:30,20:30,"['Math', 'Science', 'Art']","['History', 'English']","['Teamwork', 'Communication', 'Creativity']","['Test anxiety', 'Time management']","Showing steady improvement in Math and Science, needs support in English and History.","{'Math': 85, 'Science': 80, 'English': 70, 'History': 65, 'Art': 90}","{'Math': 90, 'Science': 85, 'English': 75, 'History': 70, 'Art': 95}","Generally enthusiastic and positive, seeks help when needed.","['Praise', 'Encouragement']","Cooperative and supportive, actively participates in group projects.","Strong communication and interpersonal skills, maintains positive relationships with peers and teachers.",Aryan is a friendly and enthusiastic student who consistently demonstrates effort. He is a good team player and always willing to help others.,I enjoy learning through hands-on activities and teamwork. I am always looking for ways to improve.,"['Member of the school basketball team', 'Won a prize in school art competition']","['Google Classroom', 'YouTube', 'Canva']",Medium,"['Supportive family', 'Access to internet and computer', 'English and Hindi spoken at home']","Aryan designed and created a unique basketball jersey design for his team, showcasing his artistic talent and creativity.",7,"The answer uses the student's name and interests (sports, cooking) to introduce the topic. It uses accessible examples like pizza to explain the mouth and esophagus. This aligns with the student's interests and kinesthetic/auditory/visual learning styles.",10,"The answer accurately describes the initial stages of the human digestive system, specifically the roles of the mouth and esophagus. It directly answers the question and is factually correct."
Isha Gupta,14,9,CBSE,"['Art', 'Dance', 'Cooking']","['Creative', 'Expressive', 'Friendly']","['Painting', 'HipHop', 'Baking']","['Visual', 'Kinesthetic']","['Independent study', 'Practice']",16:00,19:00,"['Art', 'Hindi', 'English']","['Math', 'Science']","['Creativity', 'Communication']","['Test anxiety', 'Time management']","Shows consistent effort and improvement in Art and English, needs support in Math and Science.","{'Art': 92, 'English': 85, 'Hindi': 80, 'Math': 68, 'Science': 70}","{'Art': 96, 'English': 90, 'Hindi': 85, 'Math': 72, 'Science': 75}","Expressive and enthusiastic, sometimes struggles with self-doubt but perseveres.","['Praise', 'Encouragement']","Participates actively in group discussions, offers support to peers.","Good communication skills, builds positive relationships.",Isha is a talented and creative student who consistently demonstrates effort and a positive attitude. She excels in creative subjects and needs additional support in Math and Science.,I enjoy expressing myself through art and dance. I am a determined learner and enjoy working independently.,"['Won second place in school art competition', 'Participated in a local dance competition']","['Google Classroom', 'Canva', 'YouTube']",Medium,"['Supportive family', 'Access to internet and computer', 'English and Hindi spoken at home']","Isha created a series of illustrations for a children's cookbook, showcasing her artistic talent and culinary skills.",7,"The responses use Isha's name to address her directly, which is good for personalization. They also attempt to relate scientific concepts to real-world examples, like cooking or cleaning, which align with her interests in cooking and her 'creative' personality. The use of analogies is suitable for a visual and kinesthetic learner. However, the analogies are quite basic and could be more tailored to her demonstrated high ability in subjects like Art and English. The fact that she struggles with Science could be better addressed by breaking down the concepts further or using visual aids, given her learning style.",8,"The answers are generally relevant to the questions and provide accurate basic information on the digestive system, plant reproduction and acid-base chemistry. However, some details could be expanded upon to provide a more thorough understanding, particularly regarding the specific enzymes involved in digestion or the different types of plant reproduction. The 'acid dissolves stones' example is a bit simplistic and could be improved with more precise chemistry."
Vivaan Sharma,15,10,ICSE,"['Sports', 'Literature', 'Music']","['Friendly', 'Competitive', 'Creative']","['Cricket', 'Reading', 'Guitar']","['Kinesthetic', 'Auditory']","['Group work', 'Discussions']",17:30,21:00,"['English', 'History', 'Physical Education']","['Math', 'Science']","['Teamwork', 'Communication']","['Test anxiety', 'Time management']",Showing steady improvement in English and History.,"{'English': 82, 'History': 85, 'Physical Education': 90, 'Math': 68, 'Science': 65}","{'English': 88, 'History': 90, 'Physical Education': 95, 'Math': 72, 'Science': 70}","Enthusiastic and energetic, sometimes struggles with setbacks but bounces back quickly.","['Praise', 'Competition']","Works collaboratively, actively participates and encourages teammates.","Excellent communication and interpersonal skills, easily makes friends.",Vivaan is a friendly and engaged student who is always willing to participate. He shows good teamwork skills and consistently improves his work.,I enjoy learning through collaboration and hands-on activities. I am always looking for ways to improve.,"['Captain of the school cricket team', 'Member of the school music band']","['Google Classroom', 'YouTube', 'Quizlet']",Medium,"['Supportive family', 'Access to internet and computer', 'English and Hindi spoken at home']","Vivaan started a school music club, showcasing his creativity and leadership skills.",7,"The responses incorporate Vivaan's interests by using analogies related to sports (games, levels) and practical examples (kitchen process). The use of direct address ('Vivaan') also contributes to the personalization. However, it doesn't deeply integrate his specific academic strengths or challenges.",8,"The answers generally cover the topics accurately. However, the explanation of acids and bases contains an inaccuracy: lemon juice is an acid, not a base. The other explanations are generally accurate and relevant to the questions."
Rahul Gupta,15,10,ICSE,"['Sports', 'Literature', 'Art']","['Friendly', 'Creative', 'Thoughtful']","['Cricket', 'Reading', 'Painting']","['Kinesthetic', 'Visual', 'Auditory']","['Group work', 'Discussions', 'Hands-on']",17:30,21:00,"['English', 'History', 'Art']","['Math', 'Science']","['Teamwork', 'Communication', 'Creativity']","['Test anxiety', 'Time management']",Shows consistent effort and improvement in English and History. Needs support in Math and Science.,"{'English': 85, 'History': 88, 'Art': 90, 'Math': 70, 'Science': 65}","{'English': 90, 'History': 92, 'Art': 95, 'Math': 75, 'Science': 70}","Generally positive and enthusiastic, seeks help when needed.","['Praise', 'Encouragement']","Participates actively in group projects, offers support to peers.","Good communication and interpersonal skills, maintains positive relationships with peers and teachers.",Rahul is a friendly and engaged student who consistently demonstrates effort. He is a good team player and always willing to help others.,I enjoy learning through collaboration and hands-on activities. I am always looking for ways to improve.,"['Member of the school cricket team', 'Won second place in school art competition']","['Google Classroom', 'YouTube', 'Canva']",Medium,"['Supportive family', 'Access to internet and computer', 'English and Hindi spoken at home']","Rahul designed and created a unique cricket bat design for his team, showcasing his artistic talent and creativity.",6,"The response attempts to connect the digestive system to a relatable kitchen process, which aligns with Rahul's interests in hands-on learning. However, it doesn't fully leverage his specific interests like sports, literature, or art.",8,The explanation is generally accurate but simplified. It covers the main steps of digestion but lacks details about specific enzymes and processes in each organ. It addresses the core question.
Diya Reddy,16,11,IB,"['Literature', 'Art', 'Debate']","['Creative', 'Analytical', 'Confident']","['Writing', 'Sketching', 'PublicSpeaking']","['Visual', 'Auditory']","['Independent study', 'Discussions']",17:00,21:30,"['English', 'History', 'Art']","['Math', 'Physics']","['Communication', 'CriticalThinking']","['Test anxiety', 'Time management']","Shows consistent improvement in English and History, needs support in Math and Physics.","{'English': 88, 'History': 90, 'Art': 92, 'Math': 70, 'Physics': 68}","{'English': 92, 'History': 95, 'Art': 96, 'Math': 75, 'Physics': 72}","Confident and articulate, seeks feedback to improve.","['Intrinsic', 'Recognition']","Participates actively in group discussions, offers constructive criticism.","Excellent communication and interpersonal skills, builds positive relationships with peers and teachers.",Diya is a bright and engaged student who consistently demonstrates effort and initiative. She excels in creative subjects and needs additional support in Math and Physics.,I enjoy expressing myself through writing and art. I am a thoughtful learner and enjoy collaborating with others.,"['Won first place in school debate competition', 'Published a short story in the school literary magazine']","['Google Classroom', 'Canva', 'Grammarly']",Medium,"['Supportive parents', 'Access to internet and computer', 'English and Telugu spoken at home']","Diya designed and created a website for her school's art club, showcasing her creativity and technical skills.",6,The response begins with Diya's name and acknowledges her strengths in creative subjects. It attempts to relate the digestive system to her understanding of art but the analogy isn't very strong or tailored. The reference to her independent learning style is generic.,8,"The explanation of the human digestive system is accurate and covers the key organs and processes involved. However, it includes some redundant explanations."
Radha Krishnan,14,9,CBSE,"['Art', 'Dance', 'Cooking']","['Creative', 'Expressive', 'Friendly']","['Painting', 'Bollywood', 'Baking']","['Visual', 'Kinesthetic']","['Independent study', 'Practice']",16:30,19:30,"['Art', 'Hindi', 'English']","['Math', 'Science']","['Creativity', 'Communication']","['Test anxiety', 'Organization']","Shows consistent effort and improvement in Art and English, needs support in Math and Science.","{'Art': 90, 'English': 85, 'Hindi': 88, 'Math': 65, 'Science': 68}","{'Art': 95, 'English': 90, 'Hindi': 92, 'Math': 70, 'Science': 72}","Sensitive and expressive, communicates feelings effectively.","['Praise', 'Encouragement']","Participates actively in group discussions, offers support to peers.","Good communication skills, builds positive relationships.",Radha is a talented and creative student who consistently demonstrates effort and a positive attitude. She excels in creative subjects and needs additional support in Math and Science.,I enjoy expressing myself through art and dance. I believe in the power of collaboration and kindness.,"['Won first place in school art competition', 'Participated in a local dance festival']","['Google Classroom', 'Canva', 'YouTube']",Medium,"['Supportive family', 'Access to internet and computer', 'English and Tamil spoken at home']","Radha created a series of illustrations for a children's storybook, showcasing her artistic talent and storytelling skills.",6,"The response mentions Radha's name and attempts to relate the respiratory system to her hobbies and studies, which aligns with her interests and study habits. However, it could be more personalized by incorporating her specific interests like art or dance in the explanation.",9,"The response accurately explains the function of the respiratory system, covering the key aspects of oxygen intake and carbon dioxide removal. It is a clear and concise explanation suitable for a 9th-grade student."
Eshaan Desai,15,10,ICSE,"['Photography', 'Writing', 'Chess']","['Creative', 'Analytical', 'Thoughtful']","['NaturePhotography', 'Poetry', 'Gaming']","['Visual', 'Auditory']","['Independent study', 'Reflection']",17:00,21:00,"['English', 'History', 'Math']","['Science', 'Art']","['Writing', 'Problem-solving']","['Test anxiety', 'Public speaking']","Consistent improvement in English and History, needs support in Science.","{'English': 88, 'History': 90, 'Math': 85, 'Science': 70, 'Art': 65}","{'English': 92, 'History': 95, 'Math': 90, 'Science': 75, 'Art': 70}","Thoughtful and introspective, seeks clarification when needed.","['Intrinsic', 'Encouragement']","Participates actively in group discussions, offers insightful contributions.","Good communication skills, builds positive relationships with peers and teachers.",Eshaan is a bright and engaged student who consistently demonstrates effort and initiative. He excels in analytical subjects and needs additional support in Science.,I enjoy exploring new ideas and expressing myself through writing and photography. I am a reflective learner and enjoy independent study.,"['Won second place in school photography competition', 'Published a poem in the school literary magazine']","['Google Classroom', 'Canva', 'Adobe Lightroom']",Medium,"['Supportive parents', 'Access to internet and computer', 'English and Gujarati spoken at home']","Eshaan created a photo essay documenting the biodiversity in his local park, demonstrating his passion for photography and environmental awareness.",6,"The response attempts personalization by addressing Eshaan by name and referencing his interests (photography). However, it misses opportunities to integrate his learning style (visual, auditory) or preferred subjects more deeply. The analogy to Google Arts & Design is a weak connection.",9,"The answer provides a generally accurate and relevant explanation of reproduction in plants, suitable for a 10th-grade student. The description of the basic mechanisms is appropriate. However, it could benefit from more specific details regarding plant reproductive structures and processes."
Rhea Reddy,14,9,CBSE,"['Dance', 'Photography', 'Cooking']","['Creative', 'Energetic', 'Friendly']","['ContemporaryDance', 'NaturePhotography', 'Baking']","['Kinesthetic', 'Visual']","['Hands-on', 'Group work']",17:00,20:00,"['Art', 'Math', 'Science']","['History', 'English']","['Creativity', 'Teamwork']","['Test anxiety', 'Time management']","Improving steadily in Math and Science, needs support in English and History.","{'Math': 82, 'Science': 78, 'English': 68, 'History': 70, 'Art': 85}","{'Math': 88, 'Science': 82, 'English': 72, 'History': 75, 'Art': 90}","Enthusiastic and energetic, sometimes gets frustrated but perseveres.","['Praise', 'Recognition']","Works well in teams, contributes ideas and actively participates.","Good communication and interpersonal skills, easily builds relationships.",Rhea is a bright and enthusiastic student who consistently demonstrates effort. She is a good team player and always willing to help others. Needs to improve her focus on English and History.,I enjoy learning through hands-on activities and teamwork. I am always looking for ways to improve and challenge myself.,"['Member of the school dance team', 'Won a prize in school baking competition']","['Google Classroom', 'YouTube', 'Canva']",Medium,"['Supportive family', 'Access to internet and computer', 'English and Telugu spoken at home']","Rhea created a unique cake design for her family's birthday, showcasing her creativity and culinary skills.",7,"The response uses analogies related to Rhea's interests (kitchen, art), making it somewhat personalized. However, it does not fully leverage her learning style or academic needs as outlined in the profile.",9,"The answer is factually correct and appropriately tailored to a 9th-grade student's understanding of the human digestive system, plant reproduction, acids and bases, and the respiratory system."
Virat Singh,15,10,CBSE,"['Sports', 'Music', 'Coding']","['Energetic', 'Friendly', 'Competitive']","['Cricket', 'Guitar', 'Gaming']","['Kinesthetic', 'Auditory']","['Hands-on', 'Group work']",17:00,20:30,"['Math', 'Science', 'Physical Education']","['History', 'English']","['Teamwork', 'Problem-solving']","['Test anxiety', 'Organization']","Shows consistent improvement in Math and Science, needs support in English and History.","{'Math': 88, 'Science': 85, 'English': 70, 'History': 68, 'Physical Education': 92}","{'Math': 92, 'Science': 90, 'English': 75, 'History': 72, 'Physical Education': 95}","Enthusiastic and determined, seeks help when needed.","['Praise', 'Competition']","Cooperative and supportive, actively participates in group projects.","Good communication and interpersonal skills, easily makes friends.",Virat is a friendly and enthusiastic student who consistently demonstrates effort. He is a good team player and always willing to help others.,I enjoy learning through hands-on activities and teamwork. I am always looking for ways to improve.,"['Member of the school cricket team', 'Won a prize in school music competition']","['Google Classroom', 'YouTube', 'Code.org']",Medium,"['Supportive family', 'Access to internet and computer', 'English and Hindi spoken at home']","Virat created a unique cricket bat design for his team, showcasing his creativity and problem-solving skills.",7,"Each answer attempts to relate the topic to Virat's interests, particularly sports and coding. The digestion example uses a cricket bat analogy, plant reproduction is related to teamwork like in sports and coding a game, and acids/bases are related to sports teams and coding scores. The respiratory system is compared to a bike exhaust, though Virat's profile doesn't explicitly mention biking, his age and interests suggest it's a reasonable connection.",9,"All answers accurately explain the basic concepts of the questions asked (digestion, plant reproduction, acids/bases, respiratory system) in a way suitable for a 10th-grade CBSE student. Minor deductions for the slight stretch in the biking connection in the last answer."
Tanmay Joshi,14,9,CBSE,"['Sports', 'Music', 'Cooking']","['Friendly', 'Energetic', 'Creative']","['Cricket', 'Singing', 'Baking']","['Kinesthetic', 'Auditory']","['Hands-on', 'Group work']",17:00,20:00,"['Math', 'Science', 'Physical Education']","['History', 'English']","['Teamwork', 'Communication']","['Test anxiety', 'Organization']","Improving steadily in Math and Science, needs support in English and History.","{'Math': 82, 'Science': 78, 'English': 68, 'History': 70, 'Physical Education': 90}","{'Math': 88, 'Science': 82, 'English': 72, 'History': 75, 'Physical Education': 95}","Generally enthusiastic and positive, seeks help when needed.","['Praise', 'Encouragement']","Cooperative and supportive, actively participates in group projects.","Strong communication and interpersonal skills, maintains positive relationships with peers and teachers.",Tanmay is a friendly and enthusiastic student who consistently demonstrates effort. He is a good team player and always willing to help others.,I enjoy learning through hands-on activities and teamwork. I am always looking for ways to improve.,"['Member of the school cricket team', 'Won a prize in school baking competition']","['Google Classroom', 'YouTube', 'Quizlet']",Medium,"['Supportive family', 'Access to internet and computer', 'English and Marathi spoken at home']","Tanmay created a unique cake design for his family's birthday, showcasing his creativity and culinary skills.",8,The answer uses cricket analogy to explain digestive system which aligns with the student's interest in sports and teamwork skills. It addresses his learning style by using relatable scenarios.,9,The answer accurately and comprehensively explains the different parts of the digestive system and their roles.
Rahul Sharma,15,10,ICSE,"['Photography', 'Writing', 'Chess']","['Creative', 'Analytical', 'Thoughtful']","['NaturePhotography', 'Poetry', 'Gaming']","['Visual', 'Auditory']","['Independent study', 'Reflection']",17:30,21:00,"['English', 'History', 'Math']","['Science', 'Art']","['Writing', 'Problem-solving']","['Test anxiety', 'Public speaking']","Consistent improvement in English and History, needs support in Science.","{'English': 88, 'History': 90, 'Math': 85, 'Science': 70, 'Art': 65}","{'English': 92, 'History': 95, 'Math': 90, 'Science': 75, 'Art': 70}","Thoughtful and introspective, seeks clarification when needed.","['Intrinsic', 'Encouragement']","Participates actively in group discussions, offers insightful contributions.","Good communication skills, builds positive relationships with peers and teachers.",Rahul is a bright and engaged student who consistently demonstrates effort and initiative. He excels in analytical subjects and needs additional support in Science.,I enjoy exploring new ideas and expressing myself through writing and photography. I am a reflective learner and enjoy independent study.,"['Won second place in school photography competition', 'Published a poem in the school literary magazine']","['Google Classroom', 'Canva', 'Adobe Lightroom']",Medium,"['Supportive parents', 'Access to internet and computer', 'English and Hindi spoken at home']","Rahul created a photo essay documenting the local street art in his city, demonstrating his passion for photography and artistic appreciation.",3,"The response mentions Rahul's name and interests like photography and writing but it doesn't effectively tailor the explanations to his specific learning style (Visual, Auditory) or academic strengths (Writing, Problem-solving). The analogies used aren't directly linked to his hobbies.",8,"The explanation covers the core function of the respiratory system. However, it could be more detailed in explaining the specific organs involved and the gas exchange process for a 10th-grade ICSE student."
Rohan Sharma,14,9,CBSE,"['Sports', 'Music', 'Art']","['Friendly', 'Energetic', 'Creative']","['Basketball', 'Singing', 'Drawing']","['Kinesthetic', 'Auditory', 'Visual']","['Hands-on', 'Group work', 'Discussions']",17:00,20:00,"['Math', 'Science', 'Art']","['History', 'English']","['Teamwork', 'Communication', 'Creativity']","['Test anxiety', 'Time management']","Improving steadily in Math and Science, needs support in English and History.","{'Math': 80, 'Science': 78, 'English': 65, 'History': 70, 'Art': 88}","{'Math': 85, 'Science': 82, 'English': 70, 'History': 75, 'Art': 92}","Enthusiastic and energetic, sometimes gets frustrated but perseveres.","['Praise', 'Competition']","Works well in teams, contributes ideas and actively participates.","Good communication and interpersonal skills, easily builds relationships.",Rohan is a bright and enthusiastic student who consistently demonstrates effort. He is a good team player and always willing to help others. Needs to improve his focus on English and History.,I enjoy learning through hands-on activities and teamwork. I am always looking for ways to improve and challenge myself.,"['Member of the school basketball team', 'Won a prize in school art competition']","['Google Classroom', 'YouTube', 'Canva']",Medium,"['Supportive family', 'Access to internet and computer', 'English and Hindi spoken at home']","Rohan designed and created a unique basketball jersey design for his team, showcasing his artistic talent and creativity.",7,The answer uses the student's interest in sports to relate to plant reproduction. It also connects to Rohan's preference for peer support.,10,The answer accurately explains plant reproduction in a way that is suitable for a 9th-grade student following the CBSE syllabus.
Ishaan Bhatnagar,14,9,CBSE,"['Robotics', 'Photography', 'Writing']","['Curious', 'Creative', 'Analytical']","['Coding', 'NaturePhotography', 'Poetry']","['Visual', 'Kinesthetic']","['Independent study', 'Hands-on']",17:00,20:30,"['Math', 'Science', 'English']","['History', 'Art']","['Problem-solving', 'Critical thinking']","['Test anxiety', 'Time management']","Consistent progress in Math and Science, needs improvement in History.","{'Math': 88, 'Science': 85, 'English': 82, 'History': 70, 'Art': 65}","{'Math': 92, 'Science': 90, 'English': 85, 'History': 75, 'Art': 70}","Focused and determined, seeks feedback to improve.","['Challenge', 'Achievement']","Works well independently, contributes when necessary.","Good communication skills, respectful of others.",Ishaan is a bright student who consistently demonstrates effort and initiative. He excels in problem-solving and critical thinking and needs to improve time management skills.,I enjoy challenges that allow me to apply my analytical skills. I am always looking for ways to improve my understanding.,"['Won second place in school science fair', 'Built a robot for a school project']","['Code.org', 'Khan Academy', 'Google Classroom']",High,"['Supportive parents', 'Access to internet and computer', 'English and Hindi spoken at home']","Ishaan designed and built a robot that can solve a Rubik's cube, demonstrating his passion for robotics and problem-solving.",7,"The response attempts to personalize the explanation by relating it to Ishaan's interests (games and design), but the analogy is somewhat weak. Using 'copying a game' is a bit vague, but referencing preferred subjects in science and interests in coding does reflect the student profile.",9,The cleaned answer accurately explains reproduction in plants. It is relevant to a 9th-grade science curriculum (CBSE). The simplification is appropriate.
Aarav Singh,14,9,CBSE,"['Chess', 'Coding', 'Debate']","['Analytical', 'Logical', 'Determined']","['Chess', 'Programming', 'Reading']","['Visual', 'Auditory']","['Independent study', 'Practice']",17:00,21:00,"['Math', 'Science', 'Computer Science']","['History', 'Art']","['Problem-solving', 'Critical thinking']","['Test anxiety', 'Public speaking']","Consistent progress in Math and Science, needs improvement in History.","{'Math': 88, 'Science': 85, 'English': 82, 'History': 70, 'Art': 65}","{'Math': 92, 'Science': 90, 'English': 85, 'History': 75, 'Art': 70}","Focused and determined, seeks feedback to improve.","['Challenge', 'Achievement']","Works well independently, contributes when necessary.","Good communication skills, respectful of others.",Aarav is a bright student who consistently demonstrates effort and initiative. He excels in problem-solving and critical thinking and needs to improve time management skills.,I enjoy challenges that allow me to apply my analytical skills. I am always looking for ways to improve my understanding.,"['Won second place in school chess tournament', 'Developed a game for a school project']","['Code.org', 'Khan Academy', 'Google Classroom']",High,"['Supportive parents', 'Access to internet and computer', 'English and Hindi spoken at home']","Aarav designed and built a robot that can solve a Rubik's cube, demonstrating his passion for robotics and problem-solving.",6,"The answer attempts personalization by addressing Aarav by name. It references his interests in cleaning, but that's a stretch and not a listed interest in his profile. It could be improved by linking the digestive system to coding or chess.",9,"The explanation covers the basic functions of the digestive system in a simplified manner suitable for a 9th-grade student. It is accurate and on-topic, but lacks a bit of depth in explaining the specific organs and processes involved."
Aditya Verma,15,10,ICSE,"['Sports', 'Literature', 'Debate']","['Friendly', 'Competitive', 'Analytical']","['Cricket', 'Reading', 'Chess']","['Kinesthetic', 'Auditory', 'Visual']","['Group work', 'Discussions', 'Practice']",17:30,21:00,"['English', 'History', 'Math']","['Science', 'Art']","['Teamwork', 'Communication', 'Problem-solving']","['Test anxiety', 'Time management']","Shows consistent improvement in English and History, needs support in Science.","{'English': 88, 'History': 90, 'Math': 85, 'Science': 70, 'Art': 65}","{'English': 92, 'History': 95, 'Math': 90, 'Science': 75, 'Art': 70}","Generally positive and enthusiastic, seeks help when needed.","['Praise', 'Competition', 'Recognition']","Participates actively in group discussions, offers support to peers.","Good communication and interpersonal skills, builds positive relationships.",Aditya is a friendly and engaged student who consistently demonstrates effort. He is a good team player and always willing to help others.,I enjoy learning through collaboration and hands-on activities. I am always looking for ways to improve.,"['Member of the school cricket team', 'Won second place in school debate competition']","['Google Classroom', 'YouTube', 'Quizlet']",Medium,"['Supportive family', 'Access to internet and computer', 'English and Hindi spoken at home']","Aditya wrote a short story that was published in the school literary magazine, showcasing his creative writing skills.",6,"The response uses Aditya's name and attempts to relate the digestive system to his interest in coding through a computer analogy. However, it's a fairly generic analogy and doesn't deeply integrate with his other listed interests or learning preferences.",8,"The explanation provides a basic overview of the human digestive system, covering the main organs and their functions. It's generally accurate but lacks detailed scientific explanations."
Samarth Jain,16,11,ICSE,"['Robotics', 'Literature', 'Debate']","['Analytical', 'Curious', 'Confident']","['Coding', 'Reading', 'Chess']","['Visual', 'Auditory']","['Independent study', 'Practice']",18:00,22:00,"['Math', 'Physics', 'English']","['History', 'Art']","['Problem-solving', 'Critical thinking']","['Test anxiety', 'Time management']","Consistent improvement in Math and Science, needs to improve time management skills.","{'Math': 90, 'Science': 85, 'English': 88, 'History': 72, 'Physics': 82}","{'Math': 95, 'Science': 90, 'English': 92, 'History': 78, 'Physics': 88}","Focused and determined, seeks feedback to improve.","['Challenge', 'Achievement']","Works well independently, but participates effectively in group discussions when needed.","Good communication skills, respectful of others.",Samarth is a bright and engaged student who consistently demonstrates effort and initiative. He excels in problem-solving and critical thinking and needs to improve time management skills.,I enjoy challenges that allow me to apply my analytical skills. I am always looking for ways to improve my understanding.,"['Won first place in school chess tournament', 'Built a robot for a school science fair']","['Code.org', 'Khan Academy', 'Google Classroom']",High,"['Supportive parents', 'Access to internet and computer', 'English and Hindi spoken at home']","Samarth developed a mobile app for tracking his chess games, demonstrating his passion for coding and chess.",3,"The responses include the student's name but don't go beyond a generic approach. The analogies used (kitchen, bike exhaust) don't connect strongly to Samarth's listed interests (Robotics, Literature, Debate).",8,"The answers cover the basics of each question, providing correct but somewhat superficial explanations of the digestive system, plant reproduction, acids/bases, and the respiratory system."
Ishaan Rai,15,10,ICSE,"['Sports', 'Photography', 'Coding']","['Energetic', 'Friendly', 'Creative']","['Basketball', 'NaturePhotography', 'Programming']","['Kinesthetic', 'Visual']","['Hands-on', 'Independent study']",17:30,21:00,"['Math', 'Science', 'Computer Science']","['History', 'English']","['Problem-solving', 'Teamwork']","['Test anxiety', 'Time management']","Shows consistent improvement in Math and Science, needs support in English and History.","{'Math': 88, 'Science': 85, 'English': 70, 'History': 68, 'Computer Science': 82}","{'Math': 92, 'Science': 90, 'English': 75, 'History': 72, 'Computer Science': 88}","Enthusiastic and competitive, seeks feedback to improve.","['Challenge', 'Recognition']","Works well in teams, contributes actively and positively.","Good communication and interpersonal skills, enjoys collaborating with peers.",Ishaan is a friendly and engaged student who consistently demonstrates effort. He is a good team player and always willing to help others. Needs to focus more on English and History.,I enjoy learning through hands-on activities and teamwork. I am always looking for ways to improve.,"['Member of the school basketball team', 'Won a photography contest']","['Google Classroom', 'YouTube', 'Scratch']",Medium,"['Supportive parents', 'Access to internet and computer', 'English and Hindi spoken at home']","Ishaan created a website for his school's basketball team, showcasing his coding and organizational skills.",7,The explanation uses analogies related to Ishaan's interests (sports and coding) and learning style (kinesthetic and visual). The restaurant analogy makes it easy for Ishaan to understand the different parts of the digestive system and how they work together.,9,The answer provides a clear and concise explanation of the human digestive system. It covers the main functions and processes involved in digestion and relates them to a familiar concept (a restaurant). It is highly relevant and accurate.
Priyanshi Jain,16,11,ICSE,"['Art', 'Literature', 'Music']","['Creative', 'Thoughtful', 'Introverted']","['Painting', 'Reading', 'Piano']","['Visual', 'Auditory']","['Independent study', 'Reflection']",17:00,21:00,"['English', 'History', 'Art']","['Math', 'Science']","['Creativity', 'Writing']","['Test anxiety', 'Public speaking']","Shows consistent effort and improvement in English and Art, needs support in Math and Science.","{'English': 88, 'Art': 95, 'History': 82, 'Math': 70, 'Science': 68}","{'English': 92, 'Art': 98, 'History': 85, 'Math': 75, 'Science': 72}","Sensitive and introspective, expresses feelings through art and writing.","['Praise', 'Intrinsic']","Participates in group discussions, prefers smaller group settings.","Good communication skills, builds positive relationships with close friends.",Priyanshi is a talented and creative student who consistently demonstrates effort and a positive attitude. She excels in creative subjects and needs additional support in Math and Science.,I enjoy expressing myself through art and writing. I am a thoughtful learner and prefer to work independently.,"['Won first place in school art competition', 'Published a short story in the school literary magazine']","['Google Classroom', 'Procreate', 'YouTube']",Medium,"['Supportive family', 'Access to internet and computer', 'English and Hindi spoken at home']","Priyanshi created a series of illustrations for a children's book, showcasing her artistic talent and storytelling skills.",3,"The response mentions Priyanshi's name, which is a basic level of personalization. However, it doesn't incorporate her specific interests like Art, Literature, or Music, nor does it consider her preferred learning style. The analogy to lemonade stand is generic and not directly related to her profile.",8,"The answer accurately describes acids and bases and provides relevant examples. However, the initial lemonade stand analogy is slightly simplistic and could be expanded for a student in grade 11 to improve accuracy."
Saanvi Reddy,15,10,ICSE,"['Art', 'Dance', 'Writing']","['Creative', 'Expressive', 'Thoughtful']","['Painting', 'Bharatanatyam', 'Poetry']","['Visual', 'Kinesthetic']","['Independent study', 'Reflection']",17:00,20:30,"['English', 'Art', 'History']","['Math', 'Science']","['Creativity', 'Communication']","['Test anxiety', 'Time management']",Shows consistent effort and improvement in English and Art.,"{'English': 85, 'Art': 92, 'History': 80, 'Math': 70, 'Science': 68}","{'English': 90, 'Art': 96, 'History': 85, 'Math': 75, 'Science': 72}","Sensitive and empathetic, expresses feelings openly.","['Praise', 'Encouragement']","Participates actively in group discussions, offers support to peers.","Good communication skills, builds positive relationships.",Saanvi is a talented and creative student who consistently demonstrates effort and a positive attitude. She actively participates in class and is always willing to help her classmates.,I enjoy expressing myself through art and writing. I believe in the power of collaboration and kindness.,"['Won first place in school art competition', 'Published a poem in the school literary magazine']","['Google Classroom', 'Canva', 'YouTube']",Medium,"['Supportive family', 'Access to internet and computer', 'English and Telugu spoken at home']","Saanvi illustrated a children's book for a local library, showcasing her artistic talent and storytelling skills.",6,"The answer attempts to relate the digestive system to Saanvi's interest in art by comparing it to organizing art supplies. However, the connection is weak and doesn't deeply integrate her interests or learning style. Her class level isn't accounted for.",8,"The answer provides a simplified explanation of the digestive system, covering the main organs and their functions. It is generally accurate but lacks detail expected for a 10th-grade student."
Samarth Sharma,15,10,ICSE,"['Robotics', 'Debating', 'Literature']","['Analytical', 'Curious', 'Confident']","['Coding', 'PublicSpeaking', 'Reading']","['Visual', 'Auditory']","['Independent study', 'Discussions']",17:30,21:00,"['Math', 'Physics', 'English']","['Chemistry', 'History']","['Problem-solving', 'Critical thinking']","['Test anxiety', 'Time management']","Consistent improvement in Math and Physics, needs support in Chemistry.","{'Math': 92, 'Physics': 88, 'English': 85, 'Chemistry': 70, 'History': 75}","{'Math': 95, 'Physics': 90, 'English': 88, 'Chemistry': 75, 'History': 80}","Focused and determined, seeks clarification when needed.","['Challenge', 'Achievement']","Works well independently, contributes thoughtfully in group discussions.","Good communication skills, maintains respectful relationships with peers and teachers.",Samarth is a bright and engaged student who consistently demonstrates effort and initiative. He excels in analytical subjects and needs additional support in Chemistry.,I enjoy challenges that stimulate my analytical skills and encourage independent learning.,"['Won second place in school debate competition', 'Built a robot for a school science fair']","['Code.org', 'Khan Academy', 'Google Classroom']",High,"['Supportive parents', 'Access to internet and computer', 'English and Hindi spoken at home']","Samarth developed a mobile app for tracking debate statistics, demonstrating his passion for coding and debating.",7,"The response attempts to personalize the explanation by relating acids and bases to Samarth's interest in robotics and problem-solving, using the analogy of a robot adjusting its pH levels. It also acknowledges his preference for hands-on activities and independent study, though it doesn't directly translate into the explanation.",8,"The answer accurately defines acids and bases in terms of hydrogen ions and provides valid examples (lemon juice for acid, baking soda for base). However, it only briefly touches on pH levels and could benefit from a more detailed explanation."
Ishaan Singh,15,10,ICSE,"['Photography', 'Coding', 'Chess']","['Creative', 'Analytical', 'Determined']","['NaturePhotography', 'Programming', 'Chess']","['Visual', 'Kinesthetic']","['Independent study', 'Hands-on']",17:30,21:00,"['Math', 'Computer Science', 'Art']","['History', 'English']","['Problem-solving', 'Critical thinking']","['Test anxiety', 'Public speaking']","Consistent progress in Math and Computer Science, needs improvement in History.","{'Math': 90, 'Computer Science': 88, 'English': 75, 'History': 68, 'Art': 80}","{'Math': 95, 'Computer Science': 92, 'English': 80, 'History': 72, 'Art': 85}","Focused and determined, seeks feedback to improve.","['Challenge', 'Achievement']","Works well independently, contributes when necessary.","Good communication skills, respectful of others.",Ishaan is a bright student who consistently demonstrates effort and initiative. He excels in problem-solving and critical thinking and needs to improve time management skills.,I enjoy challenges that allow me to apply my analytical skills. I am always looking for ways to improve my understanding.,"['Won first place in school photography competition', 'Developed a game app for a school project']","['Code.org', 'Adobe Photoshop', 'Google Classroom']",High,"['Supportive parents', 'Access to internet and computer', 'English and Hindi spoken at home']","Ishaan created a time-lapse photography project documenting the growth of a plant, showcasing his patience and observation skills.",6,"The response attempts to personalize by addressing Ishaan by name and using analogies related to his age group (e.g., ""factory"" analogy). However, it doesn't leverage his specific interests in photography, coding, or chess, nor his strengths in problem-solving. The response is generic and could apply to any 10th-grade student.",9,The cleaned answer is accurate and relevant to the question about the human digestive system. It provides a simplified explanation that is appropriate for a 10th-grade student. Minor deduction because of the unnecessary use of an analogy which does not add much value. The explanation is clear and accurate.
